TEMPORADA;COLLECTION;FAMILIA;CODEPRODUIT;CODECOLORIS;NOMPRODUIT;LIBCOLORISMODIFIE;EAN;SEMANAS_IMPLANTACION;CANTIDAD_VENDIDA;SEMANAS_COBERTURA;CANTIDAD_DISPONIBLE_CENTROS;CANTIDAD_DISPONIBLE_ALMACENES
E26;ESSENTIELS;Pantalon;85001;203;211-PROSY.F;IVOIRE;3253633418606;228;37;12;442;76
E26;ESSENTIELS;Pantalon;85001;203;211-PROSY.F;IVOIRE;3253633418613;228;37;12;442;76
E26;ESSENTIELS;Pantalon;85001;203;211-PROSY.F;IVOIRE;3253633418620;228;37;12;442;76
E26;ESSENTIELS;Pantalon;85001;203;211-PROSY.F;IVOIRE;3253633418637;228;37;12;442;76
E26;ESSENTIELS;Pantalon;85001;203;211-PROSY.F;IVOIRE;3253633418644;228;37;12;442;76
E26;ESSENTIELS;Pantalon;85001;203;211-PROSY.F;IVOIRE;3253633418651;228;37;12;442;76
E26;ESSENTIELS;T-shirt;99948;201;241-DCOSMA;ECRU;3253634320984;98;35;11;362;229
E26;ESSENTIELS;T-shirt;99948;201;241-DCOSMA;ECRU;3253634320991;98;35;11;362;229
E26;ESSENTIELS;T-shirt;99948;201;241-DCOSMA;ECRU;3253634321004;98;35;11;362;229
E26;ESSENTIELS;T-shirt;99948;201;241-DCOSMA;ECRU;3253634321011;98;35;11;362;229
E26;ESSENTIELS;T-shirt;99948;201;241-DCOSMA;ECRU;3253634321028;98;35;11;362;229
E26;ESSENTIELS;T-shirt;101546;978;251-DIDOA;IVOIRE M;3253634446929;64;45;7;308;5
E26;ESSENTIELS;Pull;99287;201;242-MENTHE;ECRU;3253634285931;99;11;12;132;0
E26;ESSENTIELS;Pull;99287;201;242-MENTHE;ECRU;3253634285948;99;11;12;132;0
E26;ESSENTIELS;Pull;99287;201;242-MENTHE;ECRU;3253634285955;99;11;12;132;0
E26;ESSENTIELS;Pull;99287;201;242-MENTHE;ECRU;3253634285962;99;11;12;132;0
E26;ESSENTIELS;Pull;99287;201;242-MENTHE;ECRU;3253634285979;99;11;12;132;0
E26;ESSENTIELS;Pantalon;85001;203;211-PROSY.F;IVOIRE;3253634422923;228;37;12;442;76
E26;ESSENTIELS;Pull;101270;1011;251-MTERI;IVOIRE/CERISE;3253634400662;66;18;12;224;0
E26;ESSENTIELS;Pull;101270;1011;251-MTERI;IVOIRE/CERISE;3253634400679;66;18;12;224;0
E26;ESSENTIELS;Pull;101270;1011;251-MTERI;IVOIRE/CERISE;3253634400686;66;18;12;224;0
E26;ESSENTIELS;Haut boutonné;98945;978;242-OLAFI;IVOIRE M;3253634498669;51;22;12;257;0
E26;ESSENTIELS;Haut boutonné;98945;978;242-OLAFI;IVOIRE M;3253634498676;51;22;12;257;0
E26;ESSENTIELS;Haut boutonné;98945;978;242-OLAFI;IVOIRE M;3253634498683;51;22;12;257;0
E26;ESSENTIELS;Haut boutonné;98945;978;242-OLAFI;IVOIRE M;3253634498690;51;22;12;257;0
E26;ESSENTIELS;Haut boutonné;98945;978;242-OLAFI;IVOIRE M;3253634498706;51;22;12;257;0
E26;ESSENTIELS;Haut boutonné;98945;978;242-OLAFI;IVOIRE M;3253634498713;51;22;12;257;0
E26;ESSENTIELS;T-shirt;99913;900;241-DEUX;MULTICO;3253634318790;105;51;7;328;0
E26;ESSENTIELS;T-shirt;99913;900;241-DEUX;MULTICO;3253634318813;105;51;7;328;0
E26;ESSENTIELS;T-shirt;99913;900;241-DEUX;MULTICO;3253634318820;105;51;7;328;0
E26;ESSENTIELS;T-shirt;99913;900;241-DEUX;MULTICO;3253634318837;105;51;7;328;0
E26;ESSENTIELS;T-shirt;101546;979;251-DIDOA;NOIR M;3253634452838;64;46;6;245;0
E26;ESSENTIELS;T-shirt;101546;979;251-DIDOA;NOIR M;3253634452845;64;46;6;245;0
E26;ESSENTIELS;T-shirt;101546;979;251-DIDOA;NOIR M;3253634452852;64;46;6;245;0
E26;ESSENTIELS;T-shirt;101546;979;251-DIDOA;NOIR M;3253634452869;64;46;6;245;0
E26;ESSENTIELS;Veste / blouson;102104;931;251-VPKY.F;OFF WHITE M;3253634458373;62;18;12;215;0
E26;ESSENTIELS;Veste / blouson;102104;931;251-VPKY.F;OFF WHITE M;3253634458380;62;18;12;215;0
E26;ESSENTIELS;Veste / blouson;102104;931;251-VPKY.F;OFF WHITE M;3253634458397;62;18;12;215;0
E26;ESSENTIELS;Veste / blouson;102104;931;251-VPKY.F;OFF WHITE M;3253634458403;62;18;12;215;0
E26;ESSENTIELS;Veste / blouson;102104;931;251-VPKY.F;OFF WHITE M;3253634458410;62;18;12;215;0
E26;ESSENTIELS;T-shirt;99913;900;241-DEUX;MULTICO;3253634318806;105;51;7;328;0
E26;ESSENTIELS;T-shirt;101546;978;251-DIDOA;IVOIRE M;3253634422114;64;45;7;308;5
E26;ESSENTIELS;T-shirt;101546;978;251-DIDOA;IVOIRE M;3253634422121;64;45;7;308;5
E26;ESSENTIELS;T-shirt;101546;978;251-DIDOA;IVOIRE M;3253634422138;64;45;7;308;5
E26;ESSENTIELS;T-shirt;101546;978;251-DIDOA;IVOIRE M;3253634422145;64;45;7;308;5
E26;ESSENTIELS;T-shirt;101546;978;251-DIDOA;IVOIRE M;3253634422152;64;45;7;308;5
E26;ESSENTIELS;T-shirt;1103028;978;251-DSARAH;IVOIRE M;3253634517964;55;38;10;346;107
E26;ESSENTIELS;T-shirt;1103028;978;251-DSARAH;IVOIRE M;3253634517971;55;38;10;346;107
E26;ESSENTIELS;T-shirt;1103028;978;251-DSARAH;IVOIRE M;3253634517988;55;38;10;346;107
E26;ESSENTIELS;T-shirt;1103028;978;251-DSARAH;IVOIRE M;3253634517995;55;38;10;346;107
E26;ESSENTIELS;T-shirt;1103028;978;251-DSARAH;IVOIRE M;3253634518008;55;38;10;346;107
E26;ESSENTIELS;Pull;101270;1011;251-MTERI;IVOIRE/CERISE;3253634400693;66;18;12;224;0
E26;ESSENTIELS;T-shirt;1103498;931;251-DALIKA;OFF WHITE M;3253634551593;58;35;11;360;81
E26;ESSENTIELS;T-shirt;1103498;931;251-DALIKA;OFF WHITE M;3253634551609;58;35;11;360;81
E26;ESSENTIELS;T-shirt;1103498;931;251-DALIKA;OFF WHITE M;3253634551616;58;35;11;360;81
E26;ESSENTIELS;T-shirt;1103498;931;251-DALIKA;OFF WHITE M;3253634551623;58;35;11;360;81
E26;ESSENTIELS;T-shirt;1103498;931;251-DALIKA;OFF WHITE M;3253634551630;58;35;11;360;81
E26;ESSENTIELS;T-shirt;101546;979;251-DIDOA;NOIR M;3253634452876;64;46;6;245;0
E26;ESSENTIELS;Pull;99287;201;242-MENTHE;ECRU;3253634525204;99;11;12;132;0
E26;MODE;T-shirt;1104426;931;261-DARIS;OFF WHITE M;3253634608969;19;19;5;101;0
E26;MODE;T-shirt;1104426;931;261-DARIS;OFF WHITE M;3253634608976;19;19;5;101;0
E26;MODE;T-shirt;1104426;931;261-DARIS;OFF WHITE M;3253634608983;19;19;5;101;0
E26;MODE;T-shirt;1104426;931;261-DARIS;OFF WHITE M;3253634608990;19;19;5;101;0
E26;MODE;T-shirt;1104426;931;261-DARIS;OFF WHITE M;3253634609003;19;19;5;101;0
E26;MODE;T-shirt;1104424;931;261-DIMOI;OFF WHITE M;3253634609010;26;18;6;115;0
E26;MODE;T-shirt;1104424;931;261-DIMOI;OFF WHITE M;3253634609027;26;18;6;115;0
E26;MODE;T-shirt;1104424;931;261-DIMOI;OFF WHITE M;3253634609034;26;18;6;115;0
E26;MODE;T-shirt;1104424;931;261-DIMOI;OFF WHITE M;3253634609058;26;18;6;115;0
E26;ESSENTIELS;Veste / blouson;102104;931;251-VPKY.F;OFF WHITE M;3253634458427;62;18;12;215;0
E26;ESSENTIELS;Robe/ combinaison;1103015;987;251-RJOLIE;MARINE M;3253634517148;11;17;11;184;0
E26;ESSENTIELS;Robe/ combinaison;1103015;987;251-RJOLIE;MARINE M;3253634517155;11;17;11;184;0
E26;ESSENTIELS;Robe/ combinaison;1103015;987;251-RJOLIE;MARINE M;3253634517162;11;17;11;184;0
E26;ESSENTIELS;Robe/ combinaison;1103015;987;251-RJOLIE;MARINE M;3253634517179;11;17;11;184;0
E26;ESSENTIELS;Robe/ combinaison;1103015;987;251-RJOLIE;MARINE M;3253634517186;11;17;11;184;0
E26;MODE;T-shirt;1104423;931;261-DBEAU;OFF WHITE M;3253634606552;19;16;8;127;3
E26;MODE;T-shirt;1104423;931;261-DBEAU;OFF WHITE M;3253634606569;19;16;8;127;3
E26;MODE;T-shirt;1104423;931;261-DBEAU;OFF WHITE M;3253634606576;19;16;8;127;3
E26;MODE;T-shirt;1104423;931;261-DBEAU;OFF WHITE M;3253634606590;19;16;8;127;3
E26;MODE;T-shirt;1104429;931;261-DLOLI;OFF WHITE M;3253634606958;23;13;7;87;0
E26;MODE;T-shirt;1104429;931;261-DLOLI;OFF WHITE M;3253634606965;23;13;7;87;0
E26;MODE;T-shirt;1104429;931;261-DLOLI;OFF WHITE M;3253634606972;23;13;7;87;0
E26;MODE;T-shirt;1104429;931;261-DLOLI;OFF WHITE M;3253634606989;23;13;7;87;0
E26;MODE;T-shirt;1104429;931;261-DLOLI;OFF WHITE M;3253634606996;23;13;7;87;0
E26;MODE;Maroquinerie;1104938;104;261-2POLAR;ARGENTE;3253634644240;10;14;4;52;0
E26;MODE;T-shirt;1104776;931;261-DOVE;OFF WHITE M;3253634631141;20;11;6;67;0
E26;MODE;T-shirt;1104776;931;261-DOVE;OFF WHITE M;3253634631158;20;11;6;67;0
E26;MODE;T-shirt;1104776;931;261-DOVE;OFF WHITE M;3253634631165;20;11;6;67;0
E26;MODE;T-shirt;1104776;931;261-DOVE;OFF WHITE M;3253634631172;20;11;6;67;0
E26;MODE;T-shirt;1104776;931;261-DOVE;OFF WHITE M;3253634631189;20;11;6;67;0
E26;MODE;Robe / Tricot;1105701;979;261-RMAGO;NOIR M;3253634682532;10;13;10;119;0
E26;MODE;Robe / Tricot;1105701;979;261-RMAGO;NOIR M;3253634682549;10;13;10;119;0
E26;MODE;Pantalon;1105739;979;261-POPA;NOIR M;3253634683621;8;99;2;149;0
E26;MODE;Pantalon;1105741;979;261-SHOSA;NOIR M;3253634683645;4;26;9;149;233
E26;MODE;Pantalon;1105745;931;261-SHORY.F;OFF WHITE M;3253634683690;6;23;11;258;8
E26;MODE;Pantalon;1105748;931;261-POMA.F;OFF WHITE M;3253634683744;8;15;11;157;19
E26;MODE;Veste / blouson;1104912;931;261-VLACE;OFF WHITE M;3253634642925;12;13;6;79;0
E26;MODE;Pantalon;1105730;1204;261-PCAPI.F;MYRTILLE M;3253634684529;3;19;9;157;190
E26;MODE;Pantalon;1105730;1204;261-PCAPI.F;MYRTILLE M;3253634684536;3;19;9;157;190
E26;MODE;Pantalon;1105730;1204;261-PCAPI.F;MYRTILLE M;3253634684543;3;19;9;157;190
E26;MODE;Pantalon;1105730;1204;261-PCAPI.F;MYRTILLE M;3253634684550;3;19;9;157;190
E26;MODE;Pantalon;1105730;1204;261-PCAPI.F;MYRTILLE M;3253634684567;3;19;9;157;190
E26;MODE;Pantalon;1105734;900;261-PCUBA.F;MULTICO;3253634684710;5;41;8;235;0
E26;MODE;Pantalon;1105734;900;261-PCUBA.F;MULTICO;3253634684727;5;41;8;235;0
E26;MODE;Pantalon;1105734;900;261-PCUBA.F;MULTICO;3253634684741;5;41;8;235;0
E26;MODE;Pantalon;1105734;900;261-PCUBA.F;MULTICO;3253634684758;5;41;8;235;0
E26;MODE;Pantalon;1105739;979;261-POPA;NOIR M;3253634684994;8;99;2;149;0
E26;MODE;Pantalon;1105739;979;261-POPA;NOIR M;3253634685007;8;99;2;149;0
E26;MODE;Pantalon;1105739;979;261-POPA;NOIR M;3253634685014;8;99;2;149;0
E26;MODE;Pantalon;1105739;979;261-POPA;NOIR M;3253634685038;8;99;2;149;0
E26;MODE;Pantalon;1105741;979;261-SHOSA;NOIR M;3253634685090;4;26;9;149;233
E26;MODE;Pantalon;1105741;979;261-SHOSA;NOIR M;3253634685106;4;26;9;149;233
E26;MODE;Pantalon;1105741;979;261-SHOSA;NOIR M;3253634685113;4;26;9;149;233
E26;MODE;Pantalon;1105741;979;261-SHOSA;NOIR M;3253634685137;4;26;9;149;233
E26;MODE;Pantalon;1105745;931;261-SHORY.F;OFF WHITE M;3253634685298;6;23;11;258;8
E26;MODE;Pantalon;1105745;931;261-SHORY.F;OFF WHITE M;3253634685304;6;23;11;258;8
E26;MODE;Pantalon;1105745;931;261-SHORY.F;OFF WHITE M;3253634685311;6;23;11;258;8
E26;MODE;Pantalon;1105745;931;261-SHORY.F;OFF WHITE M;3253634685328;6;23;11;258;8
E26;MODE;Pantalon;1105748;931;261-POMA.F;OFF WHITE M;3253634685489;8;15;11;157;19
E26;MODE;Pantalon;1105748;931;261-POMA.F;OFF WHITE M;3253634685496;8;15;11;157;19
E26;MODE;Pantalon;1105748;931;261-POMA.F;OFF WHITE M;3253634685502;8;15;11;157;19
E26;MODE;Pantalon;1105748;931;261-POMA.F;OFF WHITE M;3253634685519;8;15;11;157;19
E26;MODE;Pantalon;1105748;931;261-POMA.F;OFF WHITE M;3253634685526;8;15;11;157;19
E26;MODE;Pull;1105694;1219;261-MPIKA;ROSEE M;3253634682129;9;31;10;255;79
E26;MODE;Pull;1105697;1144;261-MINO;PALE BANANA;3253634682150;8;21;12;231;116
E26;MODE;Pull;1105699;929;261-MLOSI;NOIR/IVOIRE;3253634682174;8;43;6;227;130
E26;MODE;Robe / Tricot;1105701;979;261-RMAGO;NOIR M;3253634682198;10;13;10;119;0
E26;MODE;Pull;1105694;1219;261-MPIKA;ROSEE M;3253634682235;9;31;10;255;79
E26;MODE;Pull;1105694;1219;261-MPIKA;ROSEE M;3253634682242;9;31;10;255;79
E26;MODE;Pull;1105694;1219;261-MPIKA;ROSEE M;3253634682259;9;31;10;255;79
E26;MODE;Pull;1105694;1219;261-MPIKA;ROSEE M;3253634682266;9;31;10;255;79
E26;MODE;Pull;1105697;1144;261-MINO;PALE BANANA;3253634682358;8;21;12;231;116
E26;MODE;Pull;1105697;1144;261-MINO;PALE BANANA;3253634682365;8;21;12;231;116
E26;MODE;Pull;1105697;1144;261-MINO;PALE BANANA;3253634682372;8;21;12;231;116
E26;MODE;Pull;1105697;1144;261-MINO;PALE BANANA;3253634682389;8;21;12;231;116
E26;MODE;Pull;1105699;929;261-MLOSI;NOIR/IVOIRE;3253634682433;8;43;6;227;130
E26;MODE;Pull;1105699;929;261-MLOSI;NOIR/IVOIRE;3253634682457;8;43;6;227;130
E26;MODE;Pull;1105699;929;261-MLOSI;NOIR/IVOIRE;3253634682464;8;43;6;227;130
E26;MODE;Robe / Tricot;1105701;979;261-RMAGO;NOIR M;3253634682518;10;13;10;119;0
E26;MODE;Robe / Tricot;1105701;979;261-RMAGO;NOIR M;3253634682525;10;13;10;119;0
E26;MODE;Veste / blouson;1104912;931;261-VLACE;OFF WHITE M;3253634642871;12;13;6;79;0
E26;MODE;Veste / blouson;1104912;931;261-VLACE;OFF WHITE M;3253634642888;12;13;6;79;0
E26;MODE;Veste / blouson;1104912;931;261-VLACE;OFF WHITE M;3253634642895;12;13;6;79;0
E26;MODE;Veste / blouson;1104912;931;261-VLACE;OFF WHITE M;3253634642901;12;13;6;79;0
E26;MODE;Veste / blouson;1104912;931;261-VLACE;OFF WHITE M;3253634642918;12;13;6;79;0
E26;ESSENTIELS;Robe/ combinaison;1102139;1161;251-RISSAL;TEABERRY;3253634652801;6;28;10;276;24
E26;ESSENTIELS;Robe/ combinaison;1102139;1161;251-RISSAL;TEABERRY;3253634652818;6;28;10;276;24
E26;ESSENTIELS;Robe/ combinaison;1102139;1161;251-RISSAL;TEABERRY;3253634652825;6;28;10;276;24
E26;ESSENTIELS;Robe/ combinaison;1102139;1161;251-RISSAL;TEABERRY;3253634652832;6;28;10;276;24
E26;ESSENTIELS;Robe/ combinaison;1102139;1161;251-RISSAL;TEABERRY;3253634652849;6;28;10;276;24
E26;ESSENTIELS;Robe/ combinaison;1102139;1161;251-RISSAL;TEABERRY;3253634652856;6;28;10;276;24
E26;ESSENTIELS;T-shirt;101546;1168;251-DIDOA;ARGAN OIL;3253634625867;13;16;12;197;0
E26;ESSENTIELS;T-shirt;101546;1168;251-DIDOA;ARGAN OIL;3253634625874;13;16;12;197;0
E26;ESSENTIELS;T-shirt;101546;1168;251-DIDOA;ARGAN OIL;3253634625881;13;16;12;197;0
E26;ESSENTIELS;T-shirt;101546;1168;251-DIDOA;ARGAN OIL;3253634625904;13;16;12;197;0
E26;MODE;T-shirt;1105681;931;261-DROSE;OFF WHITE M;3253634681122;6;27;11;261;147
E26;MODE;T-shirt;1105681;931;261-DROSE;OFF WHITE M;3253634681184;6;27;11;261;147
E26;MODE;T-shirt;1105681;931;261-DROSE;OFF WHITE M;3253634681191;6;27;11;261;147
E26;MODE;T-shirt;1105681;931;261-DROSE;OFF WHITE M;3253634681207;6;27;11;261;147
E26;MODE;T-shirt;1105681;931;261-DROSE;OFF WHITE M;3253634681214;6;27;11;261;147
E26;MODE;T-shirt;1104737;931;261-DUROUJ;OFF WHITE M;3253634642505;21;13;5;60;0
E26;MODE;T-shirt;1104737;931;261-DUROUJ;OFF WHITE M;3253634642512;21;13;5;60;0
E26;MODE;T-shirt;1104737;931;261-DUROUJ;OFF WHITE M;3253634642529;21;13;5;60;0
E26;MODE;T-shirt;1104737;931;261-DUROUJ;OFF WHITE M;3253634642536;21;13;5;60;0
E26;MODE;T-shirt;1104737;931;261-DUROUJ;OFF WHITE M;3253634642543;21;13;5;60;0
E26;MODE;T-shirt;1104790;931;261-DPREPPY;OFF WHITE M;3253634642550;18;19;7;123;5
E26;MODE;T-shirt;1104790;931;261-DPREPPY;OFF WHITE M;3253634642567;18;19;7;123;5
E26;MODE;T-shirt;1104790;931;261-DPREPPY;OFF WHITE M;3253634642574;18;19;7;123;5
E26;MODE;T-shirt;1104790;931;261-DPREPPY;OFF WHITE M;3253634642581;18;19;7;123;5
E26;MODE;T-shirt;1104790;931;261-DPREPPY;OFF WHITE M;3253634642598;18;19;7;123;5
E26;ESSENTIELS;T-shirt;1103484;987;251-DROSSO;MARINE M;3253634626185;16;33;8;233;48
E26;ESSENTIELS;T-shirt;1103484;987;251-DROSSO;MARINE M;3253634626192;16;33;8;233;48
E26;ESSENTIELS;T-shirt;1103484;987;251-DROSSO;MARINE M;3253634626208;16;33;8;233;48
E26;ESSENTIELS;T-shirt;1103484;987;251-DROSSO;MARINE M;3253634626215;16;33;8;233;48
E26;ESSENTIELS;T-shirt;1103484;987;251-DROSSO;MARINE M;3253634626222;16;33;8;233;48
E26;ESSENTIELS;T-shirt;1104724;931;261-DJOSI;OFF WHITE M;3253634626642;20;13;7;87;0
E26;ESSENTIELS;T-shirt;1104724;931;261-DJOSI;OFF WHITE M;3253634626659;20;13;7;87;0
E26;ESSENTIELS;T-shirt;1104724;931;261-DJOSI;OFF WHITE M;3253634626666;20;13;7;87;0
E26;ESSENTIELS;T-shirt;1104724;931;261-DJOSI;OFF WHITE M;3253634626673;20;13;7;87;0
E26;ESSENTIELS;T-shirt;1104724;931;261-DJOSI;OFF WHITE M;3253634626680;20;13;7;87;0
E26;ESSENTIELS;T-shirt;101546;1168;251-DIDOA;ARGAN OIL;3253634625898;13;16;12;197;0
E26;ESSENTIELS;Pull;101264;1144;251-MBATSI;PALE BANANA;3253634617190;18;12;8;97;0
E26;ESSENTIELS;Pull;101264;1144;251-MBATSI;PALE BANANA;3253634617206;18;12;8;97;0
E26;ESSENTIELS;Pull;101264;1144;251-MBATSI;PALE BANANA;3253634617220;18;12;8;97;0
E26;ESSENTIELS;Pull;101264;1144;251-MBATSI;PALE BANANA;3253634617237;18;12;8;97;0
E26;ESSENTIELS;T-shirt;1106690;931;261-DGUAPA;OFF WHITE M;3253634748269;16;44;7;302;82
E26;ESSENTIELS;T-shirt;1106690;931;261-DGUAPA;OFF WHITE M;3253634748313;16;44;7;302;82
E26;ESSENTIELS;T-shirt;1106690;931;261-DGUAPA;OFF WHITE M;3253634748320;16;44;7;302;82
E26;ESSENTIELS;T-shirt;1106690;931;261-DGUAPA;OFF WHITE M;3253634748337;16;44;7;302;82
E26;ESSENTIELS;T-shirt;1106690;931;261-DGUAPA;OFF WHITE M;3253634748344;16;44;7;302;82
E26;ESSENTIELS;T-shirt;1106745;931;261-DIDOU1;OFF WHITE M;3253634753256;4;77;3;213;0
E26;ESSENTIELS;T-shirt;1106745;931;261-DIDOU1;OFF WHITE M;3253634753300;4;77;3;213;0
E26;ESSENTIELS;T-shirt;1106745;931;261-DIDOU1;OFF WHITE M;3253634753317;4;77;3;213;0
E26;ESSENTIELS;T-shirt;1106745;931;261-DIDOU1;OFF WHITE M;3253634753324;4;77;3;213;0
E26;ESSENTIELS;T-shirt;1106745;931;261-DIDOU1;OFF WHITE M;3253634753331;4;77;3;213;0
E26;ESSENTIELS;Robe/ combinaison;1103015;987;251-RJOLIE;MARINE M;3253634517131;11;17;11;184;0
E26;MODE;Robe/ combinaison;1107233;1159;261-RSAMYA;WHITE SMOKE;3253634783031;4;32;11;332;209
E26;MODE;Robe/ combinaison;1107233;1159;261-RSAMYA;WHITE SMOKE;3253634783109;4;32;11;332;209
E26;MODE;Robe/ combinaison;1107233;1159;261-RSAMYA;WHITE SMOKE;3253634783116;4;32;11;332;209
E26;MODE;Robe/ combinaison;1107233;1159;261-RSAMYA;WHITE SMOKE;3253634783123;4;32;11;332;209
E26;MODE;Robe/ combinaison;1107233;1159;261-RSAMYA;WHITE SMOKE;3253634783130;4;32;11;332;209
E26;MODE;Robe/ combinaison;1107233;1159;261-RSAMYA;WHITE SMOKE;3253634783147;4;32;11;332;209
E26;ESSENTIELS;T-shirt;1104603;931;261-DINOU;OFF WHITE M;3253634617411;27;14;6;88;5
E26;ESSENTIELS;T-shirt;1104603;931;261-DINOU;OFF WHITE M;3253634617428;27;14;6;88;5
E26;ESSENTIELS;T-shirt;1104603;931;261-DINOU;OFF WHITE M;3253634617435;27;14;6;88;5
E26;ESSENTIELS;T-shirt;1104603;931;261-DINOU;OFF WHITE M;3253634617442;27;14;6;88;5
E26;ESSENTIELS;T-shirt;1104603;931;261-DINOU;OFF WHITE M;3253634617459;27;14;6;88;5
E26;ESSENTIELS;Robe/ combinaison;1104826;1150;261-PALJI;AVENTURINE;3253634634296;19;36;11;366;247
E26;ESSENTIELS;Robe/ combinaison;1104826;1150;261-PALJI;AVENTURINE;3253634634302;19;36;11;366;247
E26;ESSENTIELS;Robe/ combinaison;1104826;1150;261-PALJI;AVENTURINE;3253634634319;19;36;11;366;247
E26;ESSENTIELS;Robe/ combinaison;1104826;1150;261-PALJI;AVENTURINE;3253634634326;19;36;11;366;247
E26;ESSENTIELS;Robe/ combinaison;1104826;1150;261-PALJI;AVENTURINE;3253634634333;19;36;11;366;247
E26;ESSENTIELS;Robe/ combinaison;1104826;1150;261-PALJI;AVENTURINE;3253634634340;19;36;11;366;247
E26;ESSENTIELS;Pull;101270;1011;251-MTERI;IVOIRE/CERISE;3253634400709;66;18;12;224;0
E26;ESSENTIELS;Robe/ combinaison;1102139;1150;251-RISSAL;AVENTURINE;3253634635316;8;17;8;127;0
E26;ESSENTIELS;Robe/ combinaison;1102139;1150;251-RISSAL;AVENTURINE;3253634635323;8;17;8;127;0
E26;ESSENTIELS;Robe/ combinaison;1102139;1150;251-RISSAL;AVENTURINE;3253634635330;8;17;8;127;0
E26;ESSENTIELS;Robe/ combinaison;1102139;1150;251-RISSAL;AVENTURINE;3253634635347;8;17;8;127;0
E26;ESSENTIELS;Robe/ combinaison;1102139;1150;251-RISSAL;AVENTURINE;3253634635354;8;17;8;127;0
E26;ESSENTIELS;Robe/ combinaison;1102139;1150;251-RISSAL;AVENTURINE;3253634635361;8;17;8;127;0
E26;MODE;T-shirt;1104787;931;261-DAHLIA;OFF WHITE M;3253634631721;15;65;4;248;10
E26;MODE;T-shirt;1104783;931;261-DICLA;OFF WHITE M;3253634641829;11;16;10;152;0
E26;MODE;T-shirt;1104783;931;261-DICLA;OFF WHITE M;3253634641836;11;16;10;152;0
E26;MODE;T-shirt;1104783;931;261-DICLA;OFF WHITE M;3253634641843;11;16;10;152;0
E26;MODE;T-shirt;1104783;931;261-DICLA;OFF WHITE M;3253634641850;11;16;10;152;0
E26;MODE;T-shirt;1104783;931;261-DICLA;OFF WHITE M;3253634641812;11;16;10;152;0
E26;ESSENTIELS;T-shirt;1104721;1043;261-DIANA;BEIGE M;3253634642017;14;15;8;126;0
E26;ESSENTIELS;T-shirt;1104721;1043;261-DIANA;BEIGE M;3253634642024;14;15;8;126;0
E26;ESSENTIELS;T-shirt;1104721;1043;261-DIANA;BEIGE M;3253634642031;14;15;8;126;0
E26;ESSENTIELS;T-shirt;1104721;1043;261-DIANA;BEIGE M;3253634642048;14;15;8;126;0
E26;ESSENTIELS;T-shirt;1104721;1043;261-DIANA;BEIGE M;3253634642055;14;15;8;126;0
E26;ESSENTIELS;T-shirt;1102626;987;252-DAROD;MARINE M;3253634680255;8;58;7;348;235
E26;ESSENTIELS;T-shirt;1102626;987;252-DAROD;MARINE M;3253634680262;8;58;7;348;235
E26;ESSENTIELS;T-shirt;1102626;987;252-DAROD;MARINE M;3253634680279;8;58;7;348;235
E26;ESSENTIELS;T-shirt;1102626;987;252-DAROD;MARINE M;3253634680286;8;58;7;348;235
E26;ESSENTIELS;T-shirt;1105668;1204;261-DIVALI;MYRTILLE M;3253634680293;12;40;6;218;0
E26;ESSENTIELS;T-shirt;1105668;1204;261-DIVALI;MYRTILLE M;3253634680309;12;40;6;218;0
E26;ESSENTIELS;T-shirt;1105668;1204;261-DIVALI;MYRTILLE M;3253634680316;12;40;6;218;0
E26;ESSENTIELS;T-shirt;1105668;1204;261-DIVALI;MYRTILLE M;3253634680323;12;40;6;218;0
E26;MODE;T-shirt;1105672;1166;261-DTAL;BUBBLE M;3253634680491;11;32;10;297;98
E26;MODE;T-shirt;1105672;1166;261-DTAL;BUBBLE M;3253634680507;11;32;10;297;98
E26;MODE;T-shirt;1105672;1166;261-DTAL;BUBBLE M;3253634680514;11;32;10;297;98
E26;MODE;T-shirt;1105672;1166;261-DTAL;BUBBLE M;3253634680521;11;32;10;297;98
E26;MODE;T-shirt;1105675;931;261-DOUCE;OFF WHITE M;3253634680613;8;40;9;327;85
E26;MODE;T-shirt;1105675;931;261-DOUCE;OFF WHITE M;3253634680620;8;40;9;327;85
E26;MODE;T-shirt;1105675;931;261-DOUCE;OFF WHITE M;3253634680637;8;40;9;327;85
E26;MODE;T-shirt;1105675;931;261-DOUCE;OFF WHITE M;3253634680644;8;40;9;327;85
E26;MODE;T-shirt;1105677;926;261-DNAVY;MARINE/OFF WHITE;3253634680736;8;36;9;303;0
E26;MODE;T-shirt;1105677;926;261-DNAVY;MARINE/OFF WHITE;3253634680743;8;36;9;303;0
E26;MODE;T-shirt;1105677;926;261-DNAVY;MARINE/OFF WHITE;3253634680750;8;36;9;303;0
E26;MODE;T-shirt;1105677;926;261-DNAVY;MARINE/OFF WHITE;3253634680767;8;36;9;303;0
E26;ESSENTIELS;Haut boutonné;98945;1118;242-OLAFI;EPICE M;3253634688596;6;34;9;291;60
E26;ESSENTIELS;Robe/ combinaison;1105821;1213;261-RDOLSOU;PRAIRIE M;3253634688626;9;68;5;315;235
E26;ESSENTIELS;Robe/ combinaison;1105824;979;261-PBELLE;NOIR M;3253634688657;9;32;7;230;0
E26;MODE;Robe/ combinaison;1105826;1118;261-RBRUM;EPICE M;3253634688671;8;31;6;155;16
E26;MODE;Robe/ combinaison;1105827;1023;261-RVENICE;MAGMA M;3253634688688;10;21;12;255;48
E26;ESSENTIELS;Haut boutonné;98945;1118;242-OLAFI;EPICE M;3253634688947;6;34;9;291;60
E26;ESSENTIELS;Haut boutonné;98945;1118;242-OLAFI;EPICE M;3253634688954;6;34;9;291;60
E26;ESSENTIELS;Haut boutonné;98945;1118;242-OLAFI;EPICE M;3253634688961;6;34;9;291;60
E26;ESSENTIELS;Haut boutonné;98945;1118;242-OLAFI;EPICE M;3253634688978;6;34;9;291;60
E26;ESSENTIELS;Haut boutonné;98945;1118;242-OLAFI;EPICE M;3253634688985;6;34;9;291;60
E26;ESSENTIELS;Robe/ combinaison;1102222;1204;251-REINE1;MYRTILLE M;3253634689401;8;31;8;221;0
E26;ESSENTIELS;Robe/ combinaison;1102222;1204;251-REINE1;MYRTILLE M;3253634689418;8;31;8;221;0
E26;ESSENTIELS;Robe/ combinaison;1102222;1204;251-REINE1;MYRTILLE M;3253634689425;8;31;8;221;0
E26;ESSENTIELS;Robe/ combinaison;1102222;1204;251-REINE1;MYRTILLE M;3253634689432;8;31;8;221;0
E26;MODE;T-shirt;1104782;931;261-DSTORY;OFF WHITE M;3253634631448;20;15;6;94;0
E26;MODE;T-shirt;1104782;931;261-DSTORY;OFF WHITE M;3253634631455;20;15;6;94;0
E26;MODE;T-shirt;1104782;931;261-DSTORY;OFF WHITE M;3253634631462;20;15;6;94;0
E26;MODE;T-shirt;1104782;931;261-DSTORY;OFF WHITE M;3253634631479;20;15;6;94;0
E26;MODE;T-shirt;1104782;931;261-DSTORY;OFF WHITE M;3253634631486;20;15;6;94;0
E26;MODE;T-shirt;1104787;931;261-DAHLIA;OFF WHITE M;3253634631691;15;65;4;248;10
E26;MODE;T-shirt;1104787;931;261-DAHLIA;OFF WHITE M;3253634631707;15;65;4;248;10
E26;MODE;T-shirt;1104787;931;261-DAHLIA;OFF WHITE M;3253634631714;15;65;4;248;10
E26;MODE;T-shirt;1104787;931;261-DAHLIA;OFF WHITE M;3253634631738;15;65;4;248;10
E26;MODE;T-shirt;1104788;925;261-DIEGO;OFF WHITE/MARINE;3253634631745;16;14;7;92;0
E26;MODE;T-shirt;1104788;925;261-DIEGO;OFF WHITE/MARINE;3253634631752;16;14;7;92;0
E26;MODE;T-shirt;1104788;925;261-DIEGO;OFF WHITE/MARINE;3253634631769;16;14;7;92;0
E26;MODE;T-shirt;1104788;925;261-DIEGO;OFF WHITE/MARINE;3253634631776;16;14;7;92;0
E26;MODE;T-shirt;1104788;925;261-DIEGO;OFF WHITE/MARINE;3253634631783;16;14;7;92;0
E26;MODE;T-shirt;1104790;1168;261-DPREPPY;ARGAN OIL;3253634631844;19;12;11;128;0
E26;MODE;T-shirt;1104790;1168;261-DPREPPY;ARGAN OIL;3253634631851;19;12;11;128;0
E26;MODE;T-shirt;1104790;1168;261-DPREPPY;ARGAN OIL;3253634631868;19;12;11;128;0
E26;MODE;T-shirt;1104790;1168;261-DPREPPY;ARGAN OIL;3253634631875;19;12;11;128;0
E26;MODE;T-shirt;1104790;1168;261-DPREPPY;ARGAN OIL;3253634631882;19;12;11;128;0
E26;MODE;T-shirt;1104791;978;261-DBOHO;IVOIRE M;3253634631899;18;13;7;92;0
E26;MODE;T-shirt;1104791;978;261-DBOHO;IVOIRE M;3253634631905;18;13;7;92;0
E26;MODE;T-shirt;1104791;978;261-DBOHO;IVOIRE M;3253634631912;18;13;7;92;0
E26;MODE;T-shirt;1104791;978;261-DBOHO;IVOIRE M;3253634631929;18;13;7;92;0
E26;MODE;T-shirt;1104791;978;261-DBOHO;IVOIRE M;3253634631936;18;13;7;92;0
E26;MODE;T-shirt;1104792;931;261-DUPAIN;OFF WHITE M;3253634631943;15;30;6;173;0
E26;MODE;T-shirt;1104792;931;261-DUPAIN;OFF WHITE M;3253634631950;15;30;6;173;0
E26;MODE;T-shirt;1104792;931;261-DUPAIN;OFF WHITE M;3253634631967;15;30;6;173;0
E26;MODE;T-shirt;1104792;931;261-DUPAIN;OFF WHITE M;3253634631974;15;30;6;173;0
E26;MODE;T-shirt;1104792;931;261-DUPAIN;OFF WHITE M;3253634631981;15;30;6;173;0
E26;MODE;Haut boutonné;1105786;931;261-OPON;OFF WHITE M;3253634689647;8;20;10;189;0
E26;MODE;Haut boutonné;1105786;931;261-OPON;OFF WHITE M;3253634689654;8;20;10;189;0
E26;MODE;Haut boutonné;1105786;931;261-OPON;OFF WHITE M;3253634689661;8;20;10;189;0
E26;MODE;Haut boutonné;1105786;931;261-OPON;OFF WHITE M;3253634689678;8;20;10;189;0
E26;MODE;Haut boutonné;1105786;931;261-OPON;OFF WHITE M;3253634689685;8;20;10;189;0
E26;MODE;Haut boutonné;1105789;1144;261-CAYEL;PALE BANANA;3253634689791;8;26;8;206;0
E26;MODE;Haut boutonné;1105789;1144;261-CAYEL;PALE BANANA;3253634689807;8;26;8;206;0
E26;MODE;Haut boutonné;1105789;1144;261-CAYEL;PALE BANANA;3253634689814;8;26;8;206;0
E26;MODE;Haut boutonné;1105789;1144;261-CAYEL;PALE BANANA;3253634689838;8;26;8;206;0
E26;MODE;Haut boutonné;1105793;979;261-OSAJE;NOIR M;3253634689999;7;23;11;148;132
E26;MODE;Haut boutonné;1105793;979;261-OSAJE;NOIR M;3253634690001;7;23;11;148;132
E26;MODE;Haut boutonné;1105793;979;261-OSAJE;NOIR M;3253634690018;7;23;11;148;132
E26;MODE;Haut boutonné;1105793;979;261-OSAJE;NOIR M;3253634690025;7;23;11;148;132
E26;MODE;Haut boutonné;1105793;979;261-OSAJE;NOIR M;3253634690032;7;23;11;148;132
E26;ESSENTIELS;Robe/ combinaison;1105800;1023;261-RPLISSY;MAGMA M;3253634690346;9;27;11;274;105
E26;ESSENTIELS;Robe/ combinaison;1105800;1023;261-RPLISSY;MAGMA M;3253634690353;9;27;11;274;105
E26;ESSENTIELS;Robe/ combinaison;1105800;1023;261-RPLISSY;MAGMA M;3253634690360;9;27;11;274;105
E26;ESSENTIELS;Robe/ combinaison;1105800;1023;261-RPLISSY;MAGMA M;3253634690377;9;27;11;274;105
E26;MODE;Haut boutonné;1105802;979;261-OPA;NOIR M;3253634690445;7;62;5;213;0
E26;MODE;Haut boutonné;1105802;979;261-OPA;NOIR M;3253634690452;7;62;5;213;0
E26;MODE;Haut boutonné;1105802;979;261-OPA;NOIR M;3253634690469;7;62;5;213;0
E26;MODE;Haut boutonné;1105802;979;261-OPA;NOIR M;3253634690476;7;62;5;213;0
E26;MODE;Haut boutonné;1105802;979;261-OPA;NOIR M;3253634690483;7;62;5;213;0
E26;MODE;T-shirt;1104794;931;261-DIEGO1;OFF WHITE M;3253634632049;18;18;4;72;0
E26;MODE;T-shirt;1104794;931;261-DIEGO1;OFF WHITE M;3253634632056;18;18;4;72;0
E26;MODE;T-shirt;1104794;931;261-DIEGO1;OFF WHITE M;3253634632063;18;18;4;72;0
E26;MODE;T-shirt;1104794;931;261-DIEGO1;OFF WHITE M;3253634632070;18;18;4;72;0
E26;MODE;T-shirt;1104794;931;261-DIEGO1;OFF WHITE M;3253634632087;18;18;4;72;0
E26;MODE;Robe/ combinaison;1105804;979;261-RELOW;NOIR M;3253634690544;7;55;4;206;58
E26;MODE;Robe/ combinaison;1105804;979;261-RELOW;NOIR M;3253634690551;7;55;4;206;58
E26;MODE;Robe/ combinaison;1105804;979;261-RELOW;NOIR M;3253634690568;7;55;4;206;58
E26;MODE;Robe/ combinaison;1105804;979;261-RELOW;NOIR M;3253634690575;7;55;4;206;58
E26;MODE;Robe/ combinaison;1105805;900;261-RSOAN;MULTICO;3253634690605;9;27;9;195;0
E26;MODE;Robe/ combinaison;1105805;900;261-RSOAN;MULTICO;3253634690612;9;27;9;195;0
E26;MODE;Robe/ combinaison;1105805;900;261-RSOAN;MULTICO;3253634690629;9;27;9;195;0
E26;MODE;Robe/ combinaison;1105805;900;261-RSOAN;MULTICO;3253634690636;9;27;9;195;0
E26;MODE;Robe/ combinaison;1105806;1144;261-RAYEE;PALE BANANA;3253634690643;8;40;7;242;0
E26;MODE;Robe/ combinaison;1105806;1144;261-RAYEE;PALE BANANA;3253634690667;8;40;7;242;0
E26;MODE;Robe/ combinaison;1105806;1144;261-RAYEE;PALE BANANA;3253634690674;8;40;7;242;0
E26;MODE;Robe/ combinaison;1105806;1144;261-RAYEE;PALE BANANA;3253634690681;8;40;7;242;0
E26;ESSENTIELS;Robe/ combinaison;1105811;929;261-RODIOL;NOIR/IVOIRE;3253634690896;8;93;4;284;129
E26;ESSENTIELS;Robe/ combinaison;1105811;929;261-RODIOL;NOIR/IVOIRE;3253634690902;8;93;4;284;129
E26;ESSENTIELS;Robe/ combinaison;1105811;929;261-RODIOL;NOIR/IVOIRE;3253634690926;8;93;4;284;129
E26;ESSENTIELS;Robe/ combinaison;1105811;929;261-RODIOL;NOIR/IVOIRE;3253634690933;8;93;4;284;129
E26;MODE;Haut boutonné;1105814;900;261-CUBA.F;MULTICO;3253634691053;5;38;7;205;17
E26;MODE;Haut boutonné;1105814;900;261-CUBA.F;MULTICO;3253634691060;5;38;7;205;17
E26;MODE;Haut boutonné;1105814;900;261-CUBA.F;MULTICO;3253634691077;5;38;7;205;17
E26;MODE;Haut boutonné;1105814;900;261-CUBA.F;MULTICO;3253634691084;5;38;7;205;17
E26;ESSENTIELS;T-shirt;1104725;1152;261-DAMOUR;BLUE DEPTHS;3253634626840;19;20;10;196;0
E26;ESSENTIELS;T-shirt;1104725;1152;261-DAMOUR;BLUE DEPTHS;3253634626857;19;20;10;196;0
E26;ESSENTIELS;T-shirt;1104725;1152;261-DAMOUR;BLUE DEPTHS;3253634626864;19;20;10;196;0
E26;ESSENTIELS;T-shirt;1104725;1152;261-DAMOUR;BLUE DEPTHS;3253634626871;19;20;10;196;0
E26;ESSENTIELS;T-shirt;1104725;1152;261-DAMOUR;BLUE DEPTHS;3253634626888;19;20;10;196;0
E26;ESSENTIELS;Robe/ combinaison;1105821;1213;261-RDOLSOU;PRAIRIE M;3253634691398;9;68;5;315;235
E26;ESSENTIELS;Robe/ combinaison;1105821;1213;261-RDOLSOU;PRAIRIE M;3253634691404;9;68;5;315;235
E26;ESSENTIELS;Robe/ combinaison;1105821;1213;261-RDOLSOU;PRAIRIE M;3253634691411;9;68;5;315;235
E26;ESSENTIELS;Robe/ combinaison;1105821;1213;261-RDOLSOU;PRAIRIE M;3253634691435;9;68;5;315;235
E26;ESSENTIELS;Robe/ combinaison;1105824;979;261-PBELLE;NOIR M;3253634691541;9;32;7;230;0
E26;ESSENTIELS;Robe/ combinaison;1105824;979;261-PBELLE;NOIR M;3253634691558;9;32;7;230;0
E26;ESSENTIELS;Robe/ combinaison;1105824;979;261-PBELLE;NOIR M;3253634691572;9;32;7;230;0
E26;ESSENTIELS;Robe/ combinaison;1105824;979;261-PBELLE;NOIR M;3253634691589;9;32;7;230;0
E26;MODE;Robe/ combinaison;1105826;1118;261-RBRUM;EPICE M;3253634691657;8;31;6;155;16
E26;MODE;Robe/ combinaison;1105826;1118;261-RBRUM;EPICE M;3253634691664;8;31;6;155;16
E26;MODE;Robe/ combinaison;1105826;1118;261-RBRUM;EPICE M;3253634691671;8;31;6;155;16
E26;MODE;Robe/ combinaison;1105826;1118;261-RBRUM;EPICE M;3253634691688;8;31;6;155;16
E26;MODE;Robe/ combinaison;1105827;1023;261-RVENICE;MAGMA M;3253634691695;10;21;12;255;48
E26;MODE;Robe/ combinaison;1105827;1023;261-RVENICE;MAGMA M;3253634691701;10;21;12;255;48
E26;MODE;Robe/ combinaison;1105827;1023;261-RVENICE;MAGMA M;3253634691718;10;21;12;255;48
E26;MODE;Robe/ combinaison;1105827;1023;261-RVENICE;MAGMA M;3253634691725;10;21;12;255;48
E26;MODE;Robe/ combinaison;1105827;1023;261-RVENICE;MAGMA M;3253634691732;10;21;12;255;48
E26;MODE;T-shirt;1104423;931;261-DBEAU;OFF WHITE M;3253634606583;19;16;8;127;3
E26;MODE;Haut boutonné;1105786;931;261-OPON;OFF WHITE M;3253634688114;8;20;10;189;0
E26;MODE;T-shirt;1104800;979;261-DAPHNE;NOIR M;3253634632377;19;11;10;107;0
E26;MODE;T-shirt;1104800;979;261-DAPHNE;NOIR M;3253634632384;19;11;10;107;0
E26;MODE;T-shirt;1104800;979;261-DAPHNE;NOIR M;3253634632391;19;11;10;107;0
E26;MODE;T-shirt;1104800;979;261-DAPHNE;NOIR M;3253634632407;19;11;10;107;0
E26;MODE;T-shirt;1104800;979;261-DAPHNE;NOIR M;3253634632414;19;11;10;107;0
E26;ESSENTIELS;T-shirt;1105679;1204;261-DSAMIR;MYRTILLE M;3253634680828;11;42;9;328;210
E26;ESSENTIELS;T-shirt;1105679;1204;261-DSAMIR;MYRTILLE M;3253634680873;11;42;9;328;210
E26;ESSENTIELS;T-shirt;1105679;1204;261-DSAMIR;MYRTILLE M;3253634680880;11;42;9;328;210
E26;ESSENTIELS;T-shirt;1105679;1204;261-DSAMIR;MYRTILLE M;3253634680897;11;42;9;328;210
E26;ESSENTIELS;T-shirt;1105679;1204;261-DSAMIR;MYRTILLE M;3253634680903;11;42;9;328;210
E26;MODE;Haut boutonné;1105793;979;261-OSAJE;NOIR M;3253634688183;7;23;11;148;132
E26;ESSENTIELS;Robe/ combinaison;1105800;1023;261-RPLISSY;MAGMA M;3253634688282;9;27;11;274;105
E26;MODE;Haut boutonné;1105802;979;261-OPA;NOIR M;3253634688312;7;62;5;213;0
E26;MODE;Robe/ combinaison;1105804;979;261-RELOW;NOIR M;3253634688336;7;55;4;206;58
E26;MODE;Robe/ combinaison;1105805;900;261-RSOAN;MULTICO;3253634688343;9;27;9;195;0
E26;MODE;Robe/ combinaison;1105806;1144;261-RAYEE;PALE BANANA;3253634688350;8;40;7;242;0
E26;ESSENTIELS;Robe/ combinaison;1105811;929;261-RODIOL;NOIR/IVOIRE;3253634688466;8;93;4;284;129
E26;MODE;Haut boutonné;1105814;900;261-CUBA.F;MULTICO;3253634688503;5;38;7;205;17
E26;MODE;T-shirt;1106515;900;261-DJARDI;MULTICO;3253634732947;11;40;11;401;259
E26;MODE;T-shirt;1106515;900;261-DJARDI;MULTICO;3253634733128;11;40;11;401;259
E26;MODE;T-shirt;1106515;900;261-DJARDI;MULTICO;3253634733135;11;40;11;401;259
E26;MODE;T-shirt;1106515;900;261-DJARDI;MULTICO;3253634733142;11;40;11;401;259
E26;MODE;T-shirt;1106515;900;261-DJARDI;MULTICO;3253634733159;11;40;11;401;259
E26;ESSENTIELS;T-shirt;1106896;979;261-DARIA;NOIR M;3253634760780;6;26;9;212;0
E26;ESSENTIELS;T-shirt;1105007;931;261-DOUR;OFF WHITE M;3253634648194;20;11;8;92;21
E26;ESSENTIELS;T-shirt;1105007;931;261-DOUR;OFF WHITE M;3253634648200;20;11;8;92;21
E26;ESSENTIELS;T-shirt;1105007;931;261-DOUR;OFF WHITE M;3253634648217;20;11;8;92;21
E26;ESSENTIELS;T-shirt;1105007;931;261-DOUR;OFF WHITE M;3253634648224;20;11;8;92;21
E26;ESSENTIELS;T-shirt;1105007;931;261-DOUR;OFF WHITE M;3253634648231;20;11;8;92;21
E26;ESSENTIELS;T-shirt;1106896;979;261-DARIA;NOIR M;3253634761237;6;26;9;212;0
E26;ESSENTIELS;T-shirt;1106896;979;261-DARIA;NOIR M;3253634761251;6;26;9;212;0
E26;ESSENTIELS;T-shirt;1106896;979;261-DARIA;NOIR M;3253634761268;6;26;9;212;0
E26;ESSENTIELS;T-shirt;1105668;1204;261-DIVALI;MYRTILLE M;3253634679716;12;40;6;218;0
E26;ESSENTIELS;T-shirt;1102626;987;252-DAROD;MARINE M;3253634679730;8;58;7;348;235
E26;ESSENTIELS;T-shirt;1102626;1213;252-DAROD;PRAIRIE M;3253634679754;8;65;5;309;96
E26;MODE;T-shirt;1105672;1166;261-DTAL;BUBBLE M;3253634679792;11;32;10;297;98
E26;ESSENTIELS;T-shirt;1102191;979;251-DELLA;NOIR M;3253634679808;7;16;9;146;0
E26;ESSENTIELS;T-shirt;1102198;931;251-DALBA;OFF WHITE M;3253634679815;9;41;8;290;28
E26;MODE;T-shirt;1105675;931;261-DOUCE;OFF WHITE M;3253634679853;8;40;9;327;85
E26;ESSENTIELS;T-shirt;93923;1199;231-DATE;SWEET DREAMS;3253634679891;9;33;9;267;89
E26;ESSENTIELS;T-shirt;98032;1144;241-DAGA;PALE BANANA;3253634679921;8;68;3;189;0
E26;ESSENTIELS;T-shirt;93923;1199;231-DATE;SWEET DREAMS;3253634679938;9;33;9;267;89
E26;ESSENTIELS;T-shirt;93923;1199;231-DATE;SWEET DREAMS;3253634679945;9;33;9;267;89
E26;ESSENTIELS;T-shirt;93923;1199;231-DATE;SWEET DREAMS;3253634679952;9;33;9;267;89
E26;ESSENTIELS;T-shirt;98032;1144;241-DAGA;PALE BANANA;3253634679976;8;68;3;189;0
E26;ESSENTIELS;T-shirt;98032;1144;241-DAGA;PALE BANANA;3253634679983;8;68;3;189;0
E26;ESSENTIELS;T-shirt;98032;1144;241-DAGA;PALE BANANA;3253634679990;8;68;3;189;0
E26;ESSENTIELS;T-shirt;98032;1144;241-DAGA;PALE BANANA;3253634680002;8;68;3;189;0
E26;ESSENTIELS;T-shirt;1102191;979;251-DELLA;NOIR M;3253634680057;7;16;9;146;0
E26;ESSENTIELS;T-shirt;1102191;979;251-DELLA;NOIR M;3253634680064;7;16;9;146;0
E26;ESSENTIELS;T-shirt;1102191;979;251-DELLA;NOIR M;3253634680071;7;16;9;146;0
E26;ESSENTIELS;T-shirt;1102191;979;251-DELLA;NOIR M;3253634680088;7;16;9;146;0
E26;ESSENTIELS;T-shirt;1102198;931;251-DALBA;OFF WHITE M;3253634680095;9;41;8;290;28
E26;ESSENTIELS;T-shirt;1102198;931;251-DALBA;OFF WHITE M;3253634680101;9;41;8;290;28
E26;ESSENTIELS;T-shirt;1102198;931;251-DALBA;OFF WHITE M;3253634680118;9;41;8;290;28
E26;ESSENTIELS;T-shirt;1102198;931;251-DALBA;OFF WHITE M;3253634680125;9;41;8;290;28
E26;ESSENTIELS;T-shirt;1102626;1213;252-DAROD;PRAIRIE M;3253634680217;8;65;5;309;96
E26;ESSENTIELS;T-shirt;1102626;1213;252-DAROD;PRAIRIE M;3253634680224;8;65;5;309;96
E26;ESSENTIELS;T-shirt;1102626;1213;252-DAROD;PRAIRIE M;3253634680231;8;65;5;309;96
E26;ESSENTIELS;T-shirt;1102626;1213;252-DAROD;PRAIRIE M;3253634680248;8;65;5;309;96
E26;MODE;Pull;1104890;992;261-MRAYNA;OXYGENE M;3253634640280;15;19;5;100;0
E26;ESSENTIELS;Robe/ combinaison;1105811;929;261-RODIOL;NOIR/IVOIRE;3253634690919;8;93;4;284;129
E26;ESSENTIELS;T-shirt;93923;1199;231-DATE;SWEET DREAMS;3253634679969;9;33;9;267;89
E26;ESSENTIELS;Robe/ combinaison;1105824;979;261-PBELLE;NOIR M;3253634691565;9;32;7;230;0
E26;ESSENTIELS;T-shirt;1106920;931;261-DOMIO;OFF WHITE M;3253634762524;6;39;8;270;36
E26;ESSENTIELS;T-shirt;1106920;931;261-DOMIO;OFF WHITE M;3253634762586;6;39;8;270;36
E26;ESSENTIELS;T-shirt;1106920;931;261-DOMIO;OFF WHITE M;3253634762593;6;39;8;270;36
E26;ESSENTIELS;T-shirt;1106920;931;261-DOMIO;OFF WHITE M;3253634762609;6;39;8;270;36
E26;ESSENTIELS;T-shirt;1106920;931;261-DOMIO;OFF WHITE M;3253634762616;6;39;8;270;36
E26;ESSENTIELS;Robe/ combinaison;1105800;1023;261-RPLISSY;MAGMA M;3253634690384;9;27;11;274;105
E26;ESSENTIELS;Robe/ combinaison;1105821;1213;261-RDOLSOU;PRAIRIE M;3253634691428;9;68;5;315;235
E26;MODE;Haut boutonné;1105789;1144;261-CAYEL;PALE BANANA;3253634689821;8;26;8;206;0
E26;MODE;Haut boutonné;1105789;1144;261-CAYEL;PALE BANANA;3253634688145;8;26;8;206;0
E26;MODE;Robe/ combinaison;1105826;1118;261-RBRUM;EPICE M;3253634691640;8;31;6;155;16
E26;ESSENTIELS;Haut boutonné;1104522;900;261-CRISTA;MULTICO;3253634611853;24;27;6;175;0
E26;ESSENTIELS;Haut boutonné;1104522;900;261-CRISTA;MULTICO;3253634611860;24;27;6;175;0
E26;ESSENTIELS;Haut boutonné;1104522;900;261-CRISTA;MULTICO;3253634611877;24;27;6;175;0
E26;ESSENTIELS;Haut boutonné;1104522;900;261-CRISTA;MULTICO;3253634611884;24;27;6;175;0
E26;ESSENTIELS;Haut boutonné;1104522;900;261-CRISTA;MULTICO;3253634611891;24;27;6;175;0
E26;ESSENTIELS;Haut boutonné;1104522;900;261-CRISTA;MULTICO;3253634611907;24;27;6;175;0
E26;MODE;Robe/ combinaison;1104523;994;261-REXAS;DENIM BRUT;3253634611914;21;19;11;203;0
E26;MODE;Robe/ combinaison;1104523;994;261-REXAS;DENIM BRUT;3253634611921;21;19;11;203;0
E26;MODE;Robe/ combinaison;1104523;994;261-REXAS;DENIM BRUT;3253634611938;21;19;11;203;0
E26;MODE;Robe/ combinaison;1104523;994;261-REXAS;DENIM BRUT;3253634611945;21;19;11;203;0
E26;MODE;Robe/ combinaison;1104523;994;261-REXAS;DENIM BRUT;3253634611952;21;19;11;203;0
E26;MODE;Robe/ combinaison;1104523;994;261-REXAS;DENIM BRUT;3253634611969;21;19;11;203;0
E26;ESSENTIELS;Haut boutonné;100938;979;251-CJANA.F;NOIR M;3253634612515;27;25;8;196;0
E26;ESSENTIELS;Haut boutonné;100938;979;251-CJANA.F;NOIR M;3253634612522;27;25;8;196;0
E26;ESSENTIELS;Haut boutonné;100938;979;251-CJANA.F;NOIR M;3253634612539;27;25;8;196;0
E26;ESSENTIELS;Haut boutonné;100938;979;251-CJANA.F;NOIR M;3253634612546;27;25;8;196;0
E26;ESSENTIELS;Haut boutonné;100938;979;251-CJANA.F;NOIR M;3253634612553;27;25;8;196;0
E26;ESSENTIELS;Haut boutonné;100938;979;251-CJANA.F;NOIR M;3253634612560;27;25;8;196;0
E26;MODE;Robe / Tricot;1104872;1191;261-RMARIUS;BUTTER M;3253634638485;5;33;7;201;0
E26;MODE;Robe/ combinaison;1105805;900;261-RSOAN;MULTICO;3253634690599;9;27;9;195;0
E26;MODE;Robe / Tricot;1104872;1191;261-RMARIUS;BUTTER M;3253634638447;5;33;7;201;0
E26;MODE;Robe / Tricot;1104872;1191;261-RMARIUS;BUTTER M;3253634638454;5;33;7;201;0
E26;MODE;Robe / Tricot;1104872;1191;261-RMARIUS;BUTTER M;3253634638461;5;33;7;201;0
E26;MODE;Robe / Tricot;1104872;1191;261-RMARIUS;BUTTER M;3253634638478;5;33;7;201;0
E26;MODE;Pantalon;1105739;979;261-POPA;NOIR M;3253634685021;8;99;2;149;0
E26;MODE;T-shirt;1105677;926;261-DNAVY;MARINE/OFF WHITE;3253634679884;8;36;9;303;0
E26;MODE;Robe/ combinaison;1105806;1144;261-RAYEE;PALE BANANA;3253634690650;8;40;7;242;0
E26;ESSENTIELS;Robe/ combinaison;1102222;1204;251-REINE1;MYRTILLE M;3253634689395;8;31;8;221;0
E26;ESSENTIELS;Robe/ combinaison;1102222;1204;251-REINE1;MYRTILLE M;3253634688619;8;31;8;221;0
E26;MODE;Pull;1105699;929;261-MLOSI;NOIR/IVOIRE;3253634682440;8;43;6;227;130
E26;MODE;T-shirt;1105837;1144;261-DANANA;PALE BANANA;3253634693019;5;25;11;250;172
E26;MODE;T-shirt;1105834;931;261-DJOJO;OFF WHITE M;3253634692883;4;51;7;288;146
E26;MODE;Pull;1104883;1152;261-MLEXI;BLUE DEPTHS;3253634639611;17;12;9;108;0
E26;MODE;Pull;1104883;1152;261-MLEXI;BLUE DEPTHS;3253634639635;17;12;9;108;0
E26;MODE;Pull;1104883;1152;261-MLEXI;BLUE DEPTHS;3253634639642;17;12;9;108;0
E26;MODE;Pull;1104883;1152;261-MLEXI;BLUE DEPTHS;3253634639659;17;12;9;108;0
E26;MODE;Robe/ combinaison;1106511;927;261-RPAULA;NOIR/OFF WHITE;3253634732855;14;16;11;169;1
E26;MODE;Robe/ combinaison;1106511;927;261-RPAULA;NOIR/OFF WHITE;3253634732862;14;16;11;169;1
E26;MODE;Robe/ combinaison;1106511;927;261-RPAULA;NOIR/OFF WHITE;3253634732879;14;16;11;169;1
E26;MODE;Robe/ combinaison;1106511;927;261-RPAULA;NOIR/OFF WHITE;3253634732886;14;16;11;169;1
E26;MODE;Robe/ combinaison;1106511;927;261-RPAULA;NOIR/OFF WHITE;3253634732893;14;16;11;169;1
E26;MODE;Robe/ combinaison;1106511;927;261-RPAULA;NOIR/OFF WHITE;3253634732909;14;16;11;169;1
E26;MODE;T-shirt;1104424;931;261-DIMOI;OFF WHITE M;3253634609041;26;18;6;115;0
E26;MODE;Pull;1104890;992;261-MRAYNA;OXYGENE M;3253634640273;15;19;5;100;0
E26;MODE;Pull;1104890;992;261-MRAYNA;OXYGENE M;3253634640297;15;19;5;100;0
E26;MODE;Pull;1104890;992;261-MRAYNA;OXYGENE M;3253634640303;15;19;5;100;0
E26;MODE;Pull;1104890;992;261-MRAYNA;OXYGENE M;3253634640310;15;19;5;100;0
E26;MODE;Pull;1104893;1191;261-MIKA;BUTTER M;3253634640655;14;12;11;136;0
E26;MODE;Pull;1104893;1191;261-MIKA;BUTTER M;3253634640662;14;12;11;136;0
E26;MODE;Pull;1104893;1191;261-MIKA;BUTTER M;3253634640679;14;12;11;136;0
E26;MODE;Pull;1104893;1191;261-MIKA;BUTTER M;3253634640686;14;12;11;136;0
E26;MODE;T-shirt;1105706;1191;261-DEFI;BUTTER M;3253634692326;7;37;9;293;0
E26;MODE;T-shirt;1105834;931;261-DJOJO;OFF WHITE M;3253634692388;4;51;7;288;146
E26;ESSENTIELS;T-shirt;1102614;1200;252-DFLOWER;NAVAL ACADEMY;3253634692425;8;37;10;353;263
E26;ESSENTIELS;T-shirt;1102198;1166;251-DALBA;BUBBLE M;3253634692432;9;37;7;246;0
E26;MODE;T-shirt;1105837;1144;261-DANANA;PALE BANANA;3253634692449;5;25;11;250;172
E26;MODE;T-shirt;1105840;931;261-DPALM;OFF WHITE M;3253634692470;3;32;7;195;36
E26;ESSENTIELS;T-shirt;1105842;1023;261-DAMA;MAGMA M;3253634692500;12;38;9;318;143
E26;ESSENTIELS;T-shirt;1102198;1166;251-DALBA;BUBBLE M;3253634692531;9;37;7;246;0
E26;ESSENTIELS;T-shirt;1102198;1166;251-DALBA;BUBBLE M;3253634692548;9;37;7;246;0
E26;ESSENTIELS;T-shirt;1102198;1166;251-DALBA;BUBBLE M;3253634692555;9;37;7;246;0
E26;ESSENTIELS;T-shirt;1102198;1166;251-DALBA;BUBBLE M;3253634692562;9;37;7;246;0
E26;ESSENTIELS;T-shirt;1102614;1200;252-DFLOWER;NAVAL ACADEMY;3253634692579;8;37;10;353;263
E26;ESSENTIELS;T-shirt;1102614;1200;252-DFLOWER;NAVAL ACADEMY;3253634692586;8;37;10;353;263
E26;ESSENTIELS;T-shirt;1102614;1200;252-DFLOWER;NAVAL ACADEMY;3253634692593;8;37;10;353;263
E26;ESSENTIELS;T-shirt;1102614;1200;252-DFLOWER;NAVAL ACADEMY;3253634692609;8;37;10;353;263
E26;MODE;T-shirt;1105706;1191;261-DEFI;BUTTER M;3253634692623;7;37;9;293;0
E26;MODE;T-shirt;1105706;1191;261-DEFI;BUTTER M;3253634692630;7;37;9;293;0
E26;MODE;T-shirt;1105706;1191;261-DEFI;BUTTER M;3253634692647;7;37;9;293;0
E26;MODE;T-shirt;1105834;931;261-DJOJO;OFF WHITE M;3253634692852;4;51;7;288;146
E26;MODE;T-shirt;1105834;931;261-DJOJO;OFF WHITE M;3253634692869;4;51;7;288;146
E26;MODE;T-shirt;1105834;931;261-DJOJO;OFF WHITE M;3253634692876;4;51;7;288;146
E26;MODE;T-shirt;1105837;1144;261-DANANA;PALE BANANA;3253634693026;5;25;11;250;172
E26;MODE;T-shirt;1105837;1144;261-DANANA;PALE BANANA;3253634693033;5;25;11;250;172
E26;MODE;T-shirt;1105837;1144;261-DANANA;PALE BANANA;3253634693040;5;25;11;250;172
E26;MODE;T-shirt;1105840;931;261-DPALM;OFF WHITE M;3253634693132;3;32;7;195;36
E26;MODE;T-shirt;1105840;931;261-DPALM;OFF WHITE M;3253634693149;3;32;7;195;36
E26;MODE;T-shirt;1105840;931;261-DPALM;OFF WHITE M;3253634693156;3;32;7;195;36
E26;MODE;T-shirt;1105840;931;261-DPALM;OFF WHITE M;3253634693163;3;32;7;195;36
E26;MODE;Pull;1104883;1152;261-MLEXI;BLUE DEPTHS;3253634639628;17;12;9;108;0
E26;ESSENTIELS;T-shirt;1106738;923;261-DIMITRI;MARINE/IVOIRE;3253634752945;10;26;9;210;65
E26;MODE;T-shirt;1106739;1204;261-DCIAO;MYRTILLE M;3253634752952;6;23;5;114;0
E26;ESSENTIELS;T-shirt;1106738;923;261-DIMITRI;MARINE/IVOIRE;3253634753003;10;26;9;210;65
E26;ESSENTIELS;T-shirt;1106738;923;261-DIMITRI;MARINE/IVOIRE;3253634753010;10;26;9;210;65
E26;ESSENTIELS;T-shirt;1106738;923;261-DIMITRI;MARINE/IVOIRE;3253634753027;10;26;9;210;65
E26;ESSENTIELS;T-shirt;1106738;923;261-DIMITRI;MARINE/IVOIRE;3253634753034;10;26;9;210;65
E26;MODE;T-shirt;1106739;1204;261-DCIAO;MYRTILLE M;3253634753041;6;23;5;114;0
E26;MODE;T-shirt;1106739;1204;261-DCIAO;MYRTILLE M;3253634753058;6;23;5;114;0
E26;MODE;T-shirt;1106739;1204;261-DCIAO;MYRTILLE M;3253634753065;6;23;5;114;0
E26;MODE;T-shirt;1106739;1204;261-DCIAO;MYRTILLE M;3253634753072;6;23;5;114;0
E26;ESSENTIELS;Pull;1104897;928;261-MTOIRI;IVOIRE/NOIR;3253634641140;21;21;8;174;0
E26;ESSENTIELS;Pull;1104897;928;261-MTOIRI;IVOIRE/NOIR;3253634641157;21;21;8;174;0
E26;ESSENTIELS;Pull;1104897;928;261-MTOIRI;IVOIRE/NOIR;3253634641164;21;21;8;174;0
E26;ESSENTIELS;Pull;1104897;928;261-MTOIRI;IVOIRE/NOIR;3253634641171;21;21;8;174;0
E26;ESSENTIELS;Pull;1104897;928;261-MTOIRI;IVOIRE/NOIR;3253634641188;21;21;8;174;0
E26;ESSENTIELS;T-shirt;1105842;1023;261-DAMA;MAGMA M;3253634693217;12;38;9;318;143
E26;ESSENTIELS;T-shirt;1105842;1023;261-DAMA;MAGMA M;3253634693224;12;38;9;318;143
E26;ESSENTIELS;T-shirt;1105842;1023;261-DAMA;MAGMA M;3253634693231;12;38;9;318;143
E26;ESSENTIELS;T-shirt;1105842;1023;261-DAMA;MAGMA M;3253634693248;12;38;9;318;143
E26;MODE;Pantalon;1105730;1204;261-PCAPI.F;MYRTILLE M;3253634683508;3;19;9;157;190
E26;MODE;Pull;1104893;1191;261-MIKA;BUTTER M;3253634640648;14;12;11;136;0
E26;ESSENTIELS;T-shirt;1107198;979;261-DOOTHY;NOIR M;3253634779812;6;46;6;206;1
E26;ESSENTIELS;T-shirt;1107198;979;261-DOOTHY;NOIR M;3253634779829;6;46;6;206;1
E26;ESSENTIELS;T-shirt;1107198;979;261-DOOTHY;NOIR M;3253634779836;6;46;6;206;1
E26;ESSENTIELS;T-shirt;1107198;979;261-DOOTHY;NOIR M;3253634779843;6;46;6;206;1
E26;ESSENTIELS;T-shirt;1107198;979;261-DOOTHY;NOIR M;3253634779850;6;46;6;206;1
E26;MODE;T-shirt;1105834;979;261-DJOJO;NOIR M;3253634735436;18;18;9;163;0
E26;MODE;T-shirt;1105834;979;261-DJOJO;NOIR M;3253634735443;18;18;9;163;0
E26;MODE;T-shirt;1105834;979;261-DJOJO;NOIR M;3253634735450;18;18;9;163;0
E26;MODE;T-shirt;1105834;979;261-DJOJO;NOIR M;3253634735467;18;18;9;163;0
E26;MODE;T-shirt;1105834;979;261-DJOJO;NOIR M;3253634735474;18;18;9;163;0
E26;MODE;Pantalon;1105745;931;261-SHORY.F;OFF WHITE M;3253634685281;6;23;11;258;8
E26;MODE;Pantalon;1105741;979;261-SHOSA;NOIR M;3253634685120;4;26;9;149;233
E26;MODE;T-shirt;1105706;1191;261-DEFI;BUTTER M;3253634692616;7;37;9;293;0
E26;ESSENTIELS;T-shirt;1106896;979;261-DARIA;NOIR M;3253634761244;6;26;9;212;0
E26;MODE;Robe/ combinaison;1105804;979;261-RELOW;NOIR M;3253634690582;7;55;4;206;58
E26;MODE;Haut boutonné;1105814;900;261-CUBA.F;MULTICO;3253634691046;5;38;7;205;17
E26;MODE;Pantalon;1105734;900;261-PCUBA.F;MULTICO;3253634683546;5;41;8;235;0
E26;ESSENTIELS;Pull;101264;1144;251-MBATSI;PALE BANANA;3253634617213;18;12;8;97;0
E26;MODE;Pantalon;1105734;900;261-PCUBA.F;MULTICO;3253634684734;5;41;8;235;0
