TEMPORADA;COLLECTION;FAMILIA;CODEPRODUIT;CODECOLORIS;NOMPRODUIT;LIBCOLORISMODIFIE;SEMANAS_IMPLANTACION;CANTIDAD_VENDIDA;SEMANAS_COBERTURA;CANTIDAD_DISPONIBLE_CENTROS;CANTIDAD_DISPONIBLE_ALMACENES
E26;ESSENTIELS;Robe/ combinaison;1105811;929;261-RODIOL;NOIR/IVOIRE;9;109;3;241;0
E26;ESSENTIELS;T-shirt;1106742;928;261-DIYUKI;IVOIRE/NOIR;7;79;4;195;223
E26;ESSENTIELS;Robe/ combinaison;1105821;1213;261-RDOLSOU;PRAIRIE M;10;75;4;278;116
E26;ESSENTIELS;Robe/ combinaison;1106919;987;261-ROCHI;MARINE M;3;72;3;186;37
E26;ESSENTIELS;T-shirt;1106837;926;261-DCAROLE;MARINE/OFF WHITE;3;71;4;213;16
E26;MODE;Robe / Tricot;1102606;1105;252-RMARMAI;HAVANE M;48;65;2;145;0
E26;ESSENTIELS;T-shirt;1105679;1204;261-DSAMIR;MYRTILLE M;12;59;6;304;93
E26;ESSENTIELS;T-shirt;1102626;987;252-DAROD;MARINE M;9;58;6;317;74
E26;ESSENTIELS;T-shirt;1105679;1213;261-DSAMIR;PRAIRIE M;12;57;7;336;286
E26;MODE;T-shirt;1104787;931;261-DAHLIA;OFF WHITE M;16;56;4;211;0
E26;MODE;Robe/ combinaison;1105804;979;261-RELOW;NOIR M;8;53;3;167;0
E26;MODE;T-shirt;1105677;926;261-DNAVY;MARINE/OFF WHITE;9;53;5;274;0
E26;ESSENTIELS;T-shirt;1105832;1023;261-DANIELA;MAGMA M;9;52;7;282;241
E26;MODE;T-shirt;1105834;931;261-DJOJO;OFF WHITE M;5;52;6;264;0
E26;MODE;Pantalon;1105739;979;261-POPA;NOIR M;9;50;2;100;0
E26;MODE;Robe/ combinaison;1105806;1144;261-RAYEE;PALE BANANA;9;50;4;199;0
E26;MODE;Robe / Tricot;1105731;401;261-RMILAN;DORE;9;50;4;178;0
E26;ESSENTIELS;T-shirt;99913;900;241-DEUX;MULTICO;106;49;6;281;0
E26;ESSENTIELS;T-shirt;1102191;931;251-DELLA;OFF WHITE M;57;49;8;362;37
E26;ESSENTIELS;T-shirt;101546;978;251-DIDOA;IVOIRE M;65;48;6;262;12
E26;MODE;T-shirt;1105835;931;261-DYLAN;OFF WHITE M;9;48;6;228;213
E26;ESSENTIELS;T-shirt;1102614;1200;252-DFLOWER;NAVAL ACADEMY;9;47;8;338;161
E26;MODE;Robe/ combinaison;1105805;900;261-RSOAN;MULTICO;10;45;5;192;0
E26;ESSENTIELS;T-shirt;1103484;987;251-DROSSO;MARINE M;17;45;5;218;9
E26;ESSENTIELS;Robe/ combinaison;1105818;931;261-RBELLE;OFF WHITE M;12;44;9;367;39
E26;ESSENTIELS;T-shirt;101546;979;251-DIDOA;NOIR M;65;44;5;204;0
E26;ESSENTIELS;T-shirt;1106006;987;252-DIDOU;MARINE M;8;44;7;208;50
E26;ESSENTIELS;T-shirt;1106745;931;261-DIDOU1;OFF WHITE M;5;44;4;174;0
E26;MODE;Robe/ combinaison;1105812;1200;261-PIBO.F;NAVAL ACADEMY;7;43;6;235;12
E26;ESSENTIELS;Robe/ combinaison;1102139;1200;251-RISSAL;NAVAL ACADEMY;10;41;10;391;38
E26;MODE;Robe / Tricot;1104872;1191;261-RMARIUS;BUTTER M;6;41;5;187;0
E26;ESSENTIELS;T-shirt;1103028;978;251-DSARAH;IVOIRE M;56;41;8;314;37
E26;MODE;T-shirt;1106515;900;261-DJARDI;MULTICO;12;41;10;387;128
E26;MODE;Robe/ combinaison;1105798;900;261-RELIF.F;MULTICO;11;40;11;402;235
E26;ESSENTIELS;T-shirt;1106920;931;261-DOMIO;OFF WHITE M;7;40;8;246;209
E26;ESSENTIELS;Robe/ combinaison;1102139;1161;251-RISSAL;TEABERRY;7;39;7;258;8
E26;ESSENTIELS;T-shirt;101546;1145;251-DIDOA;CAPERS;14;39;6;241;0
E26;MODE;Robe/ combinaison;1107233;1159;261-RSAMYA;WHITE SMOKE;5;38;10;324;270
E26;ESSENTIELS;T-shirt;93923;1199;231-DATE;SWEET DREAMS;10;38;7;252;21
E26;ESSENTIELS;T-shirt;1103498;931;251-DALIKA;OFF WHITE M;59;38;10;339;0
E26;ESSENTIELS;Pantalon;85001;203;211-PROSY.F;IVOIRE;229;37;11;403;34
E26;ESSENTIELS;Robe/ combinaison;99078;1023;241-ROSLI;MAGMA M;9;37;12;419;208
E26;ESSENTIELS;T-shirt;1105842;1200;261-DAMA;NAVAL ACADEMY;13;37;10;315;200
E26;ESSENTIELS;T-shirt;1107038;900;261-DESLE;MULTICO;5;37;7;167;124
E26;ESSENTIELS;T-shirt;1107215;987;261-DHIVAL;MARINE M;9;37;7;236;87
E26;MODE;Haut boutonné;1105802;979;261-OPA;NOIR M;8;36;7;214;0
E26;ESSENTIELS;T-shirt;1102198;931;251-DALBA;OFF WHITE M;10;35;8;256;0
E26;MODE;T-shirt;1105682;1023;261-DRED;MAGMA M;8;35;8;272;0
E26;MODE;Robe/ combinaison;1106536;900;261-ROSET.F;MULTICO;3;34;10;196;209
E26;ESSENTIELS;T-shirt;1102614;979;252-DFLOWER;NOIR M;50;34;9;236;38
E26;MODE;T-shirt;1105672;1166;261-DTAL;BUBBLE M;12;34;9;269;70
E26;ESSENTIELS;T-shirt;1105842;1023;261-DAMA;MAGMA M;13;34;9;286;68
E26;ESSENTIELS;T-shirt;1107198;979;261-DOOTHY;NOIR M;7;34;7;181;0
E26;ESSENTIELS;T-shirt;1107271;931;261-DECLIC;OFF WHITE M;4;34;5;117;71
E26;MODE;Robe/ combinaison;1105794;1200;261-RIKOOL;NAVAL ACADEMY;10;33;8;252;49
E26;MODE;T-shirt;1105681;931;261-DROSE;OFF WHITE M;7;33;8;252;75
E26;MODE;T-shirt;1105840;931;261-DPALM;OFF WHITE M;4;33;7;182;30
E26;MODE;T-shirt;1106523;979;261-DBABY;NOIR M;7;33;8;211;205
E26;ESSENTIELS;T-shirt;98032;1144;241-DAGA;PALE BANANA;9;32;5;156;0
E26;MODE;Pull;98061;1204;241-MELAN;MYRTILLE M;8;31;10;280;236
E26;ESSENTIELS;Pull;99513;201;242-MUSHU;ECRU;96;31;11;322;99
E26;MODE;Pull;1105699;929;261-MLOSI;NOIR/IVOIRE;9;31;8;209;53
E26;ESSENTIELS;Robe/ combinaison;1102137;979;251-RIA;NOIR M;6;31;12;330;299
E26;ESSENTIELS;Robe/ combinaison;1102222;1204;251-REINE1;MYRTILLE M;9;31;7;205;0
E26;ESSENTIELS;Haut boutonné;98443;1200;241-OROOVE;NAVAL ACADEMY;7;30;12;347;294
E26;MODE;Robe / Tricot;1105701;979;261-RMAGO;NOIR M;11;30;4;105;0
E26;ESSENTIELS;Robe/ combinaison;1105800;1023;261-RPLISSY;MAGMA M;10;29;9;255;71
E26;ESSENTIELS;T-shirt;1102198;1166;251-DALBA;BUBBLE M;10;29;8;219;0
E26;MODE;T-shirt;1105706;1191;261-DEFI;BUTTER M;8;29;11;290;23
E26;ESSENTIELS;Jupe;1105757;993;261-JITAMI;DENIM STONE;12;28;12;296;178
E26;MODE;Robe/ combinaison;1105826;1118;261-RBRUM;EPICE M;9;28;5;139;0
E26;MODE;Robe/ combinaison;1107233;100;261-RSAMYA;NOIR;5;28;8;209;131
E26;MODE;T-shirt;1105675;931;261-DOUCE;OFF WHITE M;9;28;12;310;10
E26;ESSENTIELS;T-shirt;1106896;979;261-DARIA;NOIR M;7;28;7;185;0
E26;MODE;Haut boutonné;1105814;900;261-CUBA.F;MULTICO;6;27;9;204;0
E26;ESSENTIELS;Robe/ combinaison;99078;1144;241-ROSLI;PALE BANANA;8;27;7;188;-3
E26;MODE;Haut boutonné;1105786;931;261-OPON;OFF WHITE M;9;26;7;174;0
E26;MODE;Robe/ combinaison;1106507;900;261-RARAM.F;MULTICO;4;26;12;277;30
E26;MODE;T-shirt;1105834;979;261-DJOJO;NOIR M;19;26;5;140;0
E26;ESSENTIELS;Robe/ combinaison;97093;1152;241-ROSVAL;BLUE DEPTHS;14;25;9;225;0
E26;MODE;T-shirt;1105837;1144;261-DANANA;PALE BANANA;6;25;10;230;40
E26;ESSENTIELS;Haut boutonné;98945;978;242-OLAFI;IVOIRE M;52;24;10;232;0
E26;MODE;Pull;1105694;1219;261-MPIKA;ROSEE M;10;24;12;248;24
E26;ESSENTIELS;T-shirt;1106690;931;261-DGUAPA;OFF WHITE M;17;24;12;283;73
E26;ESSENTIELS;T-shirt;1105668;1204;261-DIVALI;MYRTILLE M;13;23;9;208;0
E26;MODE;T-shirt;1106741;931;261-DWONDER;OFF WHITE M;7;23;11;244;140
E26;MODE;Haut boutonné;1105793;979;261-OSAJE;NOIR M;8;22;11;180;66
E26;ESSENTIELS;Robe/ combinaison;1105824;979;261-PBELLE;NOIR M;10;22;9;205;0
E26;ESSENTIELS;Robe/ combinaison;1103015;987;251-RJOLIE;MARINE M;12;21;8;158;0
E26;MODE;Robe/ combinaison;1104847;1150;261-RTILA;AVENTURINE;13;21;7;143;0
E26;MODE;Robe/ combinaison;1105825;900;261-RDALA.F;MULTICO;8;21;11;218;0
E26;ESSENTIELS;T-shirt;101546;1168;251-DIDOA;ARGAN OIL;14;21;8;177;0
E26;MODE;Robe/ combinaison;1104860;1160;261-RDADOU;FIG;14;19;7;135;0
E26;ESSENTIELS;Robe/ combinaison;1104861;1023;261-RLUCY;MAGMA M;17;15;10;139;0
E26;ESSENTIELS;T-shirt;1105676;1199;261-DFESTON;SWEET DREAMS;9;15;12;180;0
E26;ESSENTIELS;Robe/ combinaison;1105784;1200;261-RISSOL;NAVAL ACADEMY;10;14;10;135;0
E26;ESSENTIELS;T-shirt;1102191;979;251-DELLA;NOIR M;8;14;10;128;0
E26;ESSENTIELS;Robe/ combinaison;1102139;1150;251-RISSAL;AVENTURINE;9;13;9;116;0
E26;ESSENTIELS;T-shirt;1104721;1191;261-DIANA;BUTTER M;16;13;11;144;0
E26;ESSENTIELS;T-shirt;1105763;1200;261-DNINO;NAVAL ACADEMY;7;13;11;136;16
E26;MODE;Ceinture;1105716;401;261-3FLEUR;DORE;12;12;8;96;0
E26;MODE;T-shirt;1106739;1204;261-DCIAO;MYRTILLE M;7;11;9;96;0
