TEMPORADA;COLLECTION;FAMILIA;CODEPRODUIT;CODECOLORIS;NOMPRODUIT;LIBCOLORISMODIFIE;CODEBARRES;CODEINTERNEARTICLE
E26;ESSENTIELS;Robe/ combinaison;1105811;929;261-RODIOL;NOIR/IVOIRE;3253634690896;633985
E26;ESSENTIELS;Robe/ combinaison;1105811;929;261-RODIOL;NOIR/IVOIRE;3253634690902;633986
E26;ESSENTIELS;Robe/ combinaison;1105811;929;261-RODIOL;NOIR/IVOIRE;3253634690926;633988
E26;ESSENTIELS;Robe/ combinaison;1105811;929;261-RODIOL;NOIR/IVOIRE;3253634690933;633989
E26;ESSENTIELS;Robe/ combinaison;1105811;929;261-RODIOL;NOIR/IVOIRE;3253634688466;633741
E26;ESSENTIELS;Robe/ combinaison;1105811;929;261-RODIOL;NOIR/IVOIRE;3253634690919;633987
E26;ESSENTIELS;T-shirt;1106742;928;261-DIYUKI;IVOIRE/NOIR;3253634752983;640795
E26;ESSENTIELS;T-shirt;1106742;928;261-DIYUKI;IVOIRE/NOIR;3253634753164;640814
E26;ESSENTIELS;T-shirt;1106742;928;261-DIYUKI;IVOIRE/NOIR;3253634753171;640815
E26;ESSENTIELS;T-shirt;1106742;928;261-DIYUKI;IVOIRE/NOIR;3253634753188;640816
E26;ESSENTIELS;T-shirt;1106742;928;261-DIYUKI;IVOIRE/NOIR;3253634753195;640817
E26;ESSENTIELS;Robe/ combinaison;1105821;1213;261-RDOLSOU;PRAIRIE M;3253634688626;633757
E26;ESSENTIELS;Robe/ combinaison;1105821;1213;261-RDOLSOU;PRAIRIE M;3253634691398;634035
E26;ESSENTIELS;Robe/ combinaison;1105821;1213;261-RDOLSOU;PRAIRIE M;3253634691404;634036
E26;ESSENTIELS;Robe/ combinaison;1105821;1213;261-RDOLSOU;PRAIRIE M;3253634691411;634037
E26;ESSENTIELS;Robe/ combinaison;1105821;1213;261-RDOLSOU;PRAIRIE M;3253634691435;634039
E26;ESSENTIELS;Robe/ combinaison;1105821;1213;261-RDOLSOU;PRAIRIE M;3253634691428;634038
E26;ESSENTIELS;Robe/ combinaison;1106919;987;261-ROCHI;MARINE M;3253634762517;641763
E26;ESSENTIELS;Robe/ combinaison;1106919;987;261-ROCHI;MARINE M;3253634762531;641766
E26;ESSENTIELS;Robe/ combinaison;1106919;987;261-ROCHI;MARINE M;3253634762548;641767
E26;ESSENTIELS;Robe/ combinaison;1106919;987;261-ROCHI;MARINE M;3253634762555;641768
E26;ESSENTIELS;Robe/ combinaison;1106919;987;261-ROCHI;MARINE M;3253634762562;641769
E26;ESSENTIELS;Robe/ combinaison;1106919;987;261-ROCHI;MARINE M;3253634762579;641770
E26;ESSENTIELS;T-shirt;1106837;926;261-DCAROLE;MARINE/OFF WHITE;3253634758541;641358
E26;ESSENTIELS;T-shirt;1106837;926;261-DCAROLE;MARINE/OFF WHITE;3253634758633;641368
E26;ESSENTIELS;T-shirt;1106837;926;261-DCAROLE;MARINE/OFF WHITE;3253634758640;641369
E26;ESSENTIELS;T-shirt;1106837;926;261-DCAROLE;MARINE/OFF WHITE;3253634758657;641370
E26;ESSENTIELS;T-shirt;1106837;926;261-DCAROLE;MARINE/OFF WHITE;3253634758664;641371
E26;MODE;Robe / Tricot;1102606;1105;252-RMARMAI;HAVANE M;3253634490199;613061
E26;MODE;Robe / Tricot;1102606;1105;252-RMARMAI;HAVANE M;3253634490205;613062
E26;MODE;Robe / Tricot;1102606;1105;252-RMARMAI;HAVANE M;3253634490212;613063
E26;MODE;Robe / Tricot;1102606;1105;252-RMARMAI;HAVANE M;3253634490229;613064
E26;MODE;Robe / Tricot;1102606;1105;252-RMARMAI;HAVANE M;3253634490236;613065
E26;ESSENTIELS;T-shirt;1105679;1204;261-DSAMIR;MYRTILLE M;3253634680828;632959
E26;ESSENTIELS;T-shirt;1105679;1204;261-DSAMIR;MYRTILLE M;3253634680873;632965
E26;ESSENTIELS;T-shirt;1105679;1204;261-DSAMIR;MYRTILLE M;3253634680880;632966
E26;ESSENTIELS;T-shirt;1105679;1204;261-DSAMIR;MYRTILLE M;3253634680897;632967
E26;ESSENTIELS;T-shirt;1105679;1204;261-DSAMIR;MYRTILLE M;3253634680903;632968
E26;ESSENTIELS;T-shirt;1102626;987;252-DAROD;MARINE M;3253634680255;632902
E26;ESSENTIELS;T-shirt;1102626;987;252-DAROD;MARINE M;3253634680262;632903
E26;ESSENTIELS;T-shirt;1102626;987;252-DAROD;MARINE M;3253634680279;632904
E26;ESSENTIELS;T-shirt;1102626;987;252-DAROD;MARINE M;3253634680286;632905
E26;ESSENTIELS;T-shirt;1102626;987;252-DAROD;MARINE M;3253634679730;632849
E26;ESSENTIELS;T-shirt;1105679;1213;261-DSAMIR;PRAIRIE M;3253634680835;632960
E26;ESSENTIELS;T-shirt;1105679;1213;261-DSAMIR;PRAIRIE M;3253634680910;632969
E26;ESSENTIELS;T-shirt;1105679;1213;261-DSAMIR;PRAIRIE M;3253634680927;632970
E26;ESSENTIELS;T-shirt;1105679;1213;261-DSAMIR;PRAIRIE M;3253634680934;632971
E26;ESSENTIELS;T-shirt;1105679;1213;261-DSAMIR;PRAIRIE M;3253634680941;632972
E26;MODE;T-shirt;1104787;931;261-DAHLIA;OFF WHITE M;3253634631721;627891
E26;MODE;T-shirt;1104787;931;261-DAHLIA;OFF WHITE M;3253634631691;627888
E26;MODE;T-shirt;1104787;931;261-DAHLIA;OFF WHITE M;3253634631707;627889
E26;MODE;T-shirt;1104787;931;261-DAHLIA;OFF WHITE M;3253634631714;627890
E26;MODE;T-shirt;1104787;931;261-DAHLIA;OFF WHITE M;3253634631738;627892
E26;MODE;Robe/ combinaison;1105804;979;261-RELOW;NOIR M;3253634690544;633950
E26;MODE;Robe/ combinaison;1105804;979;261-RELOW;NOIR M;3253634690551;633951
E26;MODE;Robe/ combinaison;1105804;979;261-RELOW;NOIR M;3253634690568;633952
E26;MODE;Robe/ combinaison;1105804;979;261-RELOW;NOIR M;3253634690575;633953
E26;MODE;Robe/ combinaison;1105804;979;261-RELOW;NOIR M;3253634688336;633728
E26;MODE;Robe/ combinaison;1105804;979;261-RELOW;NOIR M;3253634690582;633954
E26;MODE;T-shirt;1105677;926;261-DNAVY;MARINE/OFF WHITE;3253634680736;632950
E26;MODE;T-shirt;1105677;926;261-DNAVY;MARINE/OFF WHITE;3253634680743;632951
E26;MODE;T-shirt;1105677;926;261-DNAVY;MARINE/OFF WHITE;3253634680750;632952
E26;MODE;T-shirt;1105677;926;261-DNAVY;MARINE/OFF WHITE;3253634680767;632953
E26;MODE;T-shirt;1105677;926;261-DNAVY;MARINE/OFF WHITE;3253634679884;632864
E26;ESSENTIELS;T-shirt;1105832;1023;261-DANIELA;MAGMA M;3253634692715;634170
E26;ESSENTIELS;T-shirt;1105832;1023;261-DANIELA;MAGMA M;3253634692357;634133
E26;ESSENTIELS;T-shirt;1105832;1023;261-DANIELA;MAGMA M;3253634692692;634168
E26;ESSENTIELS;T-shirt;1105832;1023;261-DANIELA;MAGMA M;3253634692708;634169
E26;ESSENTIELS;T-shirt;1105832;1023;261-DANIELA;MAGMA M;3253634692722;634171
E26;MODE;T-shirt;1105834;931;261-DJOJO;OFF WHITE M;3253634692883;634187
E26;MODE;T-shirt;1105834;931;261-DJOJO;OFF WHITE M;3253634692388;634136
E26;MODE;T-shirt;1105834;931;261-DJOJO;OFF WHITE M;3253634692852;634184
E26;MODE;T-shirt;1105834;931;261-DJOJO;OFF WHITE M;3253634692869;634185
E26;MODE;T-shirt;1105834;931;261-DJOJO;OFF WHITE M;3253634692876;634186
E26;MODE;Pantalon;1105739;979;261-POPA;NOIR M;3253634683621;633252
E26;MODE;Pantalon;1105739;979;261-POPA;NOIR M;3253634684994;633390
E26;MODE;Pantalon;1105739;979;261-POPA;NOIR M;3253634685007;633391
E26;MODE;Pantalon;1105739;979;261-POPA;NOIR M;3253634685014;633392
E26;MODE;Pantalon;1105739;979;261-POPA;NOIR M;3253634685038;633394
E26;MODE;Pantalon;1105739;979;261-POPA;NOIR M;3253634685021;633393
E26;MODE;Robe/ combinaison;1105806;1144;261-RAYEE;PALE BANANA;3253634690643;633960
E26;MODE;Robe/ combinaison;1105806;1144;261-RAYEE;PALE BANANA;3253634690667;633962
E26;MODE;Robe/ combinaison;1105806;1144;261-RAYEE;PALE BANANA;3253634690674;633963
E26;MODE;Robe/ combinaison;1105806;1144;261-RAYEE;PALE BANANA;3253634690681;633964
E26;MODE;Robe/ combinaison;1105806;1144;261-RAYEE;PALE BANANA;3253634688350;633730
E26;MODE;Robe/ combinaison;1105806;1144;261-RAYEE;PALE BANANA;3253634690650;633961
E26;MODE;Robe / Tricot;1105731;401;261-RMILAN;DORE;3253634684574;633348
E26;MODE;Robe / Tricot;1105731;401;261-RMILAN;DORE;3253634684581;633349
E26;MODE;Robe / Tricot;1105731;401;261-RMILAN;DORE;3253634684598;633350
E26;MODE;Robe / Tricot;1105731;401;261-RMILAN;DORE;3253634684604;633351
E26;MODE;Robe / Tricot;1105731;401;261-RMILAN;DORE;3253634683515;633241
E26;ESSENTIELS;T-shirt;99913;900;241-DEUX;MULTICO;3253634318790;594613
E26;ESSENTIELS;T-shirt;99913;900;241-DEUX;MULTICO;3253634318813;594615
E26;ESSENTIELS;T-shirt;99913;900;241-DEUX;MULTICO;3253634318820;594616
E26;ESSENTIELS;T-shirt;99913;900;241-DEUX;MULTICO;3253634318837;594617
E26;ESSENTIELS;T-shirt;99913;900;241-DEUX;MULTICO;3253634318806;594614
E26;ESSENTIELS;T-shirt;1102191;931;251-DELLA;OFF WHITE M;3253634466668;610064
E26;ESSENTIELS;T-shirt;1102191;931;251-DELLA;OFF WHITE M;3253634466675;610065
E26;ESSENTIELS;T-shirt;1102191;931;251-DELLA;OFF WHITE M;3253634466682;610066
E26;ESSENTIELS;T-shirt;1102191;931;251-DELLA;OFF WHITE M;3253634466699;610067
E26;ESSENTIELS;T-shirt;1102191;931;251-DELLA;OFF WHITE M;3253634466705;610068
E26;ESSENTIELS;T-shirt;101546;978;251-DIDOA;IVOIRE M;3253634446929;608022
E26;ESSENTIELS;T-shirt;101546;978;251-DIDOA;IVOIRE M;3253634422114;605541
E26;ESSENTIELS;T-shirt;101546;978;251-DIDOA;IVOIRE M;3253634422121;605542
E26;ESSENTIELS;T-shirt;101546;978;251-DIDOA;IVOIRE M;3253634422138;605543
E26;ESSENTIELS;T-shirt;101546;978;251-DIDOA;IVOIRE M;3253634422145;605544
E26;ESSENTIELS;T-shirt;101546;978;251-DIDOA;IVOIRE M;3253634422152;605545
E26;MODE;T-shirt;1105835;931;261-DYLAN;OFF WHITE M;3253634692890;634188
E26;MODE;T-shirt;1105835;931;261-DYLAN;OFF WHITE M;3253634692395;634137
E26;MODE;T-shirt;1105835;931;261-DYLAN;OFF WHITE M;3253634692906;634189
E26;MODE;T-shirt;1105835;931;261-DYLAN;OFF WHITE M;3253634692913;634190
E26;MODE;T-shirt;1105835;931;261-DYLAN;OFF WHITE M;3253634692920;634191
E26;ESSENTIELS;T-shirt;1102614;1200;252-DFLOWER;NAVAL ACADEMY;3253634692425;634140
E26;ESSENTIELS;T-shirt;1102614;1200;252-DFLOWER;NAVAL ACADEMY;3253634692579;634156
E26;ESSENTIELS;T-shirt;1102614;1200;252-DFLOWER;NAVAL ACADEMY;3253634692586;634157
E26;ESSENTIELS;T-shirt;1102614;1200;252-DFLOWER;NAVAL ACADEMY;3253634692593;634158
E26;ESSENTIELS;T-shirt;1102614;1200;252-DFLOWER;NAVAL ACADEMY;3253634692609;634159
E26;MODE;Robe/ combinaison;1105805;900;261-RSOAN;MULTICO;3253634690605;633956
E26;MODE;Robe/ combinaison;1105805;900;261-RSOAN;MULTICO;3253634690612;633957
E26;MODE;Robe/ combinaison;1105805;900;261-RSOAN;MULTICO;3253634690629;633958
E26;MODE;Robe/ combinaison;1105805;900;261-RSOAN;MULTICO;3253634690636;633959
E26;MODE;Robe/ combinaison;1105805;900;261-RSOAN;MULTICO;3253634688343;633729
E26;MODE;Robe/ combinaison;1105805;900;261-RSOAN;MULTICO;3253634690599;633955
E26;ESSENTIELS;T-shirt;1103484;987;251-DROSSO;MARINE M;3253634626185;627337
E26;ESSENTIELS;T-shirt;1103484;987;251-DROSSO;MARINE M;3253634626192;627338
E26;ESSENTIELS;T-shirt;1103484;987;251-DROSSO;MARINE M;3253634626208;627339
E26;ESSENTIELS;T-shirt;1103484;987;251-DROSSO;MARINE M;3253634626215;627340
E26;ESSENTIELS;T-shirt;1103484;987;251-DROSSO;MARINE M;3253634626222;627341
E26;ESSENTIELS;Robe/ combinaison;1105818;931;261-RBELLE;OFF WHITE M;3253634688565;633751
E26;ESSENTIELS;Robe/ combinaison;1105818;931;261-RBELLE;OFF WHITE M;3253634691244;634020
E26;ESSENTIELS;Robe/ combinaison;1105818;931;261-RBELLE;OFF WHITE M;3253634691251;634021
E26;ESSENTIELS;Robe/ combinaison;1105818;931;261-RBELLE;OFF WHITE M;3253634691268;634022
E26;ESSENTIELS;Robe/ combinaison;1105818;931;261-RBELLE;OFF WHITE M;3253634691275;634023
E26;ESSENTIELS;Robe/ combinaison;1105818;931;261-RBELLE;OFF WHITE M;3253634691282;634024
E26;ESSENTIELS;T-shirt;101546;979;251-DIDOA;NOIR M;3253634452838;608613
E26;ESSENTIELS;T-shirt;101546;979;251-DIDOA;NOIR M;3253634452845;608614
E26;ESSENTIELS;T-shirt;101546;979;251-DIDOA;NOIR M;3253634452852;608615
E26;ESSENTIELS;T-shirt;101546;979;251-DIDOA;NOIR M;3253634452869;608616
E26;ESSENTIELS;T-shirt;101546;979;251-DIDOA;NOIR M;3253634452876;608617
E26;ESSENTIELS;T-shirt;1106006;987;252-DIDOU;MARINE M;3253634752808;640776
E26;ESSENTIELS;T-shirt;1106006;987;252-DIDOU;MARINE M;3253634752860;640783
E26;ESSENTIELS;T-shirt;1106006;987;252-DIDOU;MARINE M;3253634752877;640784
E26;ESSENTIELS;T-shirt;1106006;987;252-DIDOU;MARINE M;3253634752884;640785
E26;ESSENTIELS;T-shirt;1106006;987;252-DIDOU;MARINE M;3253634752891;640786
E26;ESSENTIELS;T-shirt;1106745;931;261-DIDOU1;OFF WHITE M;3253634753256;640823
E26;ESSENTIELS;T-shirt;1106745;931;261-DIDOU1;OFF WHITE M;3253634753300;640829
E26;ESSENTIELS;T-shirt;1106745;931;261-DIDOU1;OFF WHITE M;3253634753317;640830
E26;ESSENTIELS;T-shirt;1106745;931;261-DIDOU1;OFF WHITE M;3253634753324;640831
E26;ESSENTIELS;T-shirt;1106745;931;261-DIDOU1;OFF WHITE M;3253634753331;640832
E26;MODE;Robe/ combinaison;1105812;1200;261-PIBO.F;NAVAL ACADEMY;3253634690940;633990
E26;MODE;Robe/ combinaison;1105812;1200;261-PIBO.F;NAVAL ACADEMY;3253634690957;633991
E26;MODE;Robe/ combinaison;1105812;1200;261-PIBO.F;NAVAL ACADEMY;3253634690964;633992
E26;MODE;Robe/ combinaison;1105812;1200;261-PIBO.F;NAVAL ACADEMY;3253634690988;633994
E26;MODE;Robe/ combinaison;1105812;1200;261-PIBO.F;NAVAL ACADEMY;3253634688473;633742
E26;MODE;Robe/ combinaison;1105812;1200;261-PIBO.F;NAVAL ACADEMY;3253634690971;633993
E26;ESSENTIELS;Robe/ combinaison;1102139;1200;251-RISSAL;NAVAL ACADEMY;3253634689340;633830
E26;ESSENTIELS;Robe/ combinaison;1102139;1200;251-RISSAL;NAVAL ACADEMY;3253634689357;633831
E26;ESSENTIELS;Robe/ combinaison;1102139;1200;251-RISSAL;NAVAL ACADEMY;3253634689364;633832
E26;ESSENTIELS;Robe/ combinaison;1102139;1200;251-RISSAL;NAVAL ACADEMY;3253634689371;633833
E26;ESSENTIELS;Robe/ combinaison;1102139;1200;251-RISSAL;NAVAL ACADEMY;3253634689388;633834
E26;ESSENTIELS;Robe/ combinaison;1102139;1200;251-RISSAL;NAVAL ACADEMY;3253634688299;633724
E26;MODE;Robe / Tricot;1104872;1191;261-RMARIUS;BUTTER M;3253634638485;628567
E26;MODE;Robe / Tricot;1104872;1191;261-RMARIUS;BUTTER M;3253634638447;628563
E26;MODE;Robe / Tricot;1104872;1191;261-RMARIUS;BUTTER M;3253634638454;628564
E26;MODE;Robe / Tricot;1104872;1191;261-RMARIUS;BUTTER M;3253634638461;628565
E26;MODE;Robe / Tricot;1104872;1191;261-RMARIUS;BUTTER M;3253634638478;628566
E26;ESSENTIELS;T-shirt;1103028;978;251-DSARAH;IVOIRE M;3253634517964;615861
E26;ESSENTIELS;T-shirt;1103028;978;251-DSARAH;IVOIRE M;3253634517971;615862
E26;ESSENTIELS;T-shirt;1103028;978;251-DSARAH;IVOIRE M;3253634517988;615863
E26;ESSENTIELS;T-shirt;1103028;978;251-DSARAH;IVOIRE M;3253634517995;615864
E26;ESSENTIELS;T-shirt;1103028;978;251-DSARAH;IVOIRE M;3253634518008;615865
E26;MODE;T-shirt;1106515;900;261-DJARDI;MULTICO;3253634732947;638715
E26;MODE;T-shirt;1106515;900;261-DJARDI;MULTICO;3253634733128;638734
E26;MODE;T-shirt;1106515;900;261-DJARDI;MULTICO;3253634733135;638735
E26;MODE;T-shirt;1106515;900;261-DJARDI;MULTICO;3253634733142;638736
E26;MODE;T-shirt;1106515;900;261-DJARDI;MULTICO;3253634733159;638737
E26;MODE;Robe/ combinaison;1105798;900;261-RELIF.F;MULTICO;3253634690247;633920
E26;MODE;Robe/ combinaison;1105798;900;261-RELIF.F;MULTICO;3253634690254;633921
E26;MODE;Robe/ combinaison;1105798;900;261-RELIF.F;MULTICO;3253634690261;633922
E26;MODE;Robe/ combinaison;1105798;900;261-RELIF.F;MULTICO;3253634690278;633923
E26;MODE;Robe/ combinaison;1105798;900;261-RELIF.F;MULTICO;3253634688268;633721
E26;MODE;Robe/ combinaison;1105798;900;261-RELIF.F;MULTICO;3253634690285;633924
E26;ESSENTIELS;T-shirt;1106920;931;261-DOMIO;OFF WHITE M;3253634762524;641764
E26;ESSENTIELS;T-shirt;1106920;931;261-DOMIO;OFF WHITE M;3253634762586;641771
E26;ESSENTIELS;T-shirt;1106920;931;261-DOMIO;OFF WHITE M;3253634762593;641772
E26;ESSENTIELS;T-shirt;1106920;931;261-DOMIO;OFF WHITE M;3253634762609;641773
E26;ESSENTIELS;T-shirt;1106920;931;261-DOMIO;OFF WHITE M;3253634762616;641774
E26;ESSENTIELS;Robe/ combinaison;1102139;1161;251-RISSAL;TEABERRY;3253634652801;629999
E26;ESSENTIELS;Robe/ combinaison;1102139;1161;251-RISSAL;TEABERRY;3253634652818;630000
E26;ESSENTIELS;Robe/ combinaison;1102139;1161;251-RISSAL;TEABERRY;3253634652825;630001
E26;ESSENTIELS;Robe/ combinaison;1102139;1161;251-RISSAL;TEABERRY;3253634652832;630002
E26;ESSENTIELS;Robe/ combinaison;1102139;1161;251-RISSAL;TEABERRY;3253634652849;630003
E26;ESSENTIELS;Robe/ combinaison;1102139;1161;251-RISSAL;TEABERRY;3253634652856;630004
E26;ESSENTIELS;T-shirt;101546;1145;251-DIDOA;CAPERS;3253634625812;627300
E26;ESSENTIELS;T-shirt;101546;1145;251-DIDOA;CAPERS;3253634625829;627301
E26;ESSENTIELS;T-shirt;101546;1145;251-DIDOA;CAPERS;3253634625836;627302
E26;ESSENTIELS;T-shirt;101546;1145;251-DIDOA;CAPERS;3253634625843;627303
E26;ESSENTIELS;T-shirt;101546;1145;251-DIDOA;CAPERS;3253634625850;627304
E26;MODE;Robe/ combinaison;1107233;1159;261-RSAMYA;WHITE SMOKE;3253634783031;643872
E26;MODE;Robe/ combinaison;1107233;1159;261-RSAMYA;WHITE SMOKE;3253634783109;643880
E26;MODE;Robe/ combinaison;1107233;1159;261-RSAMYA;WHITE SMOKE;3253634783116;643881
E26;MODE;Robe/ combinaison;1107233;1159;261-RSAMYA;WHITE SMOKE;3253634783123;643882
E26;MODE;Robe/ combinaison;1107233;1159;261-RSAMYA;WHITE SMOKE;3253634783130;643883
E26;MODE;Robe/ combinaison;1107233;1159;261-RSAMYA;WHITE SMOKE;3253634783147;643884
E26;ESSENTIELS;T-shirt;93923;1199;231-DATE;SWEET DREAMS;3253634679891;632865
E26;ESSENTIELS;T-shirt;93923;1199;231-DATE;SWEET DREAMS;3253634679938;632870
E26;ESSENTIELS;T-shirt;93923;1199;231-DATE;SWEET DREAMS;3253634679945;632871
E26;ESSENTIELS;T-shirt;93923;1199;231-DATE;SWEET DREAMS;3253634679952;632872
E26;ESSENTIELS;T-shirt;93923;1199;231-DATE;SWEET DREAMS;3253634679969;632873
E26;ESSENTIELS;T-shirt;1103498;931;251-DALIKA;OFF WHITE M;3253634551593;619301
E26;ESSENTIELS;T-shirt;1103498;931;251-DALIKA;OFF WHITE M;3253634551609;619302
E26;ESSENTIELS;T-shirt;1103498;931;251-DALIKA;OFF WHITE M;3253634551616;619303
E26;ESSENTIELS;T-shirt;1103498;931;251-DALIKA;OFF WHITE M;3253634551623;619304
E26;ESSENTIELS;T-shirt;1103498;931;251-DALIKA;OFF WHITE M;3253634551630;619305
E26;ESSENTIELS;Pantalon;85001;203;211-PROSY.F;IVOIRE;3253633418606;493644
E26;ESSENTIELS;Pantalon;85001;203;211-PROSY.F;IVOIRE;3253633418613;493645
E26;ESSENTIELS;Pantalon;85001;203;211-PROSY.F;IVOIRE;3253633418620;493646
E26;ESSENTIELS;Pantalon;85001;203;211-PROSY.F;IVOIRE;3253633418637;493647
E26;ESSENTIELS;Pantalon;85001;203;211-PROSY.F;IVOIRE;3253633418644;493648
E26;ESSENTIELS;Pantalon;85001;203;211-PROSY.F;IVOIRE;3253633418651;493649
E26;ESSENTIELS;Pantalon;85001;203;211-PROSY.F;IVOIRE;3253634422923;605622
E26;ESSENTIELS;Robe/ combinaison;99078;1023;241-ROSLI;MAGMA M;3253634689043;633800
E26;ESSENTIELS;Robe/ combinaison;99078;1023;241-ROSLI;MAGMA M;3253634689050;633801
E26;ESSENTIELS;Robe/ combinaison;99078;1023;241-ROSLI;MAGMA M;3253634689067;633802
E26;ESSENTIELS;Robe/ combinaison;99078;1023;241-ROSLI;MAGMA M;3253634689074;633803
E26;ESSENTIELS;Robe/ combinaison;99078;1023;241-ROSLI;MAGMA M;3253634689081;633804
E26;ESSENTIELS;Robe/ combinaison;99078;1023;241-ROSLI;MAGMA M;3253634688428;633737
E26;ESSENTIELS;T-shirt;1105842;1200;261-DAMA;NAVAL ACADEMY;3253634692524;634150
E26;ESSENTIELS;T-shirt;1105842;1200;261-DAMA;NAVAL ACADEMY;3253634693293;634228
E26;ESSENTIELS;T-shirt;1105842;1200;261-DAMA;NAVAL ACADEMY;3253634693309;634229
E26;ESSENTIELS;T-shirt;1105842;1200;261-DAMA;NAVAL ACADEMY;3253634693316;634230
E26;ESSENTIELS;T-shirt;1105842;1200;261-DAMA;NAVAL ACADEMY;3253634693323;634231
E26;ESSENTIELS;T-shirt;1107038;900;261-DESLE;MULTICO;3253634768298;642347
E26;ESSENTIELS;T-shirt;1107038;900;261-DESLE;MULTICO;3253634768304;642349
E26;ESSENTIELS;T-shirt;1107038;900;261-DESLE;MULTICO;3253634768311;642350
E26;ESSENTIELS;T-shirt;1107038;900;261-DESLE;MULTICO;3253634768328;642351
E26;ESSENTIELS;T-shirt;1107038;900;261-DESLE;MULTICO;3253634768335;642352
E26;ESSENTIELS;T-shirt;1107215;987;261-DHIVAL;MARINE M;3253634781136;643673
E26;ESSENTIELS;T-shirt;1107215;987;261-DHIVAL;MARINE M;3253634781181;643679
E26;ESSENTIELS;T-shirt;1107215;987;261-DHIVAL;MARINE M;3253634781198;643680
E26;ESSENTIELS;T-shirt;1107215;987;261-DHIVAL;MARINE M;3253634781204;643681
E26;ESSENTIELS;T-shirt;1107215;987;261-DHIVAL;MARINE M;3253634781211;643682
E26;MODE;Haut boutonné;1105802;979;261-OPA;NOIR M;3253634690445;633940
E26;MODE;Haut boutonné;1105802;979;261-OPA;NOIR M;3253634690452;633941
E26;MODE;Haut boutonné;1105802;979;261-OPA;NOIR M;3253634690469;633942
E26;MODE;Haut boutonné;1105802;979;261-OPA;NOIR M;3253634690476;633943
E26;MODE;Haut boutonné;1105802;979;261-OPA;NOIR M;3253634690483;633944
E26;MODE;Haut boutonné;1105802;979;261-OPA;NOIR M;3253634688312;633726
E26;ESSENTIELS;T-shirt;1102198;931;251-DALBA;OFF WHITE M;3253634679815;632857
E26;ESSENTIELS;T-shirt;1102198;931;251-DALBA;OFF WHITE M;3253634680095;632886
E26;ESSENTIELS;T-shirt;1102198;931;251-DALBA;OFF WHITE M;3253634680101;632887
E26;ESSENTIELS;T-shirt;1102198;931;251-DALBA;OFF WHITE M;3253634680118;632888
E26;ESSENTIELS;T-shirt;1102198;931;251-DALBA;OFF WHITE M;3253634680125;632889
E26;MODE;T-shirt;1105682;1023;261-DRED;MAGMA M;3253634681139;632991
E26;MODE;T-shirt;1105682;1023;261-DRED;MAGMA M;3253634681221;633001
E26;MODE;T-shirt;1105682;1023;261-DRED;MAGMA M;3253634681238;633002
E26;MODE;T-shirt;1105682;1023;261-DRED;MAGMA M;3253634681245;633003
E26;MODE;T-shirt;1105682;1023;261-DRED;MAGMA M;3253634681252;633004
E26;MODE;Robe/ combinaison;1106536;900;261-ROSET.F;MULTICO;3253634734590;638889
E26;MODE;Robe/ combinaison;1106536;900;261-ROSET.F;MULTICO;3253634734736;638904
E26;MODE;Robe/ combinaison;1106536;900;261-ROSET.F;MULTICO;3253634734743;638905
E26;MODE;Robe/ combinaison;1106536;900;261-ROSET.F;MULTICO;3253634734750;638906
E26;MODE;Robe/ combinaison;1106536;900;261-ROSET.F;MULTICO;3253634734774;638908
E26;MODE;Robe/ combinaison;1106536;900;261-ROSET.F;MULTICO;3253634734767;638907
E26;ESSENTIELS;T-shirt;1102614;979;252-DFLOWER;NOIR M;3253634490694;613111
E26;ESSENTIELS;T-shirt;1102614;979;252-DFLOWER;NOIR M;3253634490700;613112
E26;ESSENTIELS;T-shirt;1102614;979;252-DFLOWER;NOIR M;3253634490717;613113
E26;ESSENTIELS;T-shirt;1102614;979;252-DFLOWER;NOIR M;3253634490724;613114
E26;ESSENTIELS;T-shirt;1102614;979;252-DFLOWER;NOIR M;3253634490731;613115
E26;MODE;T-shirt;1105672;1166;261-DTAL;BUBBLE M;3253634680491;632926
E26;MODE;T-shirt;1105672;1166;261-DTAL;BUBBLE M;3253634680507;632927
E26;MODE;T-shirt;1105672;1166;261-DTAL;BUBBLE M;3253634680514;632928
E26;MODE;T-shirt;1105672;1166;261-DTAL;BUBBLE M;3253634680521;632929
E26;MODE;T-shirt;1105672;1166;261-DTAL;BUBBLE M;3253634679792;632855
E26;ESSENTIELS;T-shirt;1105842;1023;261-DAMA;MAGMA M;3253634692500;634148
E26;ESSENTIELS;T-shirt;1105842;1023;261-DAMA;MAGMA M;3253634693217;634220
E26;ESSENTIELS;T-shirt;1105842;1023;261-DAMA;MAGMA M;3253634693224;634221
E26;ESSENTIELS;T-shirt;1105842;1023;261-DAMA;MAGMA M;3253634693231;634222
E26;ESSENTIELS;T-shirt;1105842;1023;261-DAMA;MAGMA M;3253634693248;634223
E26;ESSENTIELS;T-shirt;1107198;979;261-DOOTHY;NOIR M;3253634779812;643533
E26;ESSENTIELS;T-shirt;1107198;979;261-DOOTHY;NOIR M;3253634779829;643535
E26;ESSENTIELS;T-shirt;1107198;979;261-DOOTHY;NOIR M;3253634779836;643536
E26;ESSENTIELS;T-shirt;1107198;979;261-DOOTHY;NOIR M;3253634779843;643537
E26;ESSENTIELS;T-shirt;1107198;979;261-DOOTHY;NOIR M;3253634779850;643538
E26;ESSENTIELS;T-shirt;1107271;931;261-DECLIC;OFF WHITE M;3253634784670;644042
E26;ESSENTIELS;T-shirt;1107271;931;261-DECLIC;OFF WHITE M;3253634784694;644045
E26;ESSENTIELS;T-shirt;1107271;931;261-DECLIC;OFF WHITE M;3253634784700;644046
E26;ESSENTIELS;T-shirt;1107271;931;261-DECLIC;OFF WHITE M;3253634784717;644047
E26;ESSENTIELS;T-shirt;1107271;931;261-DECLIC;OFF WHITE M;3253634784724;644048
E26;MODE;Robe/ combinaison;1105794;1200;261-RIKOOL;NAVAL ACADEMY;3253634690049;633900
E26;MODE;Robe/ combinaison;1105794;1200;261-RIKOOL;NAVAL ACADEMY;3253634690056;633901
E26;MODE;Robe/ combinaison;1105794;1200;261-RIKOOL;NAVAL ACADEMY;3253634690063;633902
E26;MODE;Robe/ combinaison;1105794;1200;261-RIKOOL;NAVAL ACADEMY;3253634690070;633903
E26;MODE;Robe/ combinaison;1105794;1200;261-RIKOOL;NAVAL ACADEMY;3253634690087;633904
E26;MODE;Robe/ combinaison;1105794;1200;261-RIKOOL;NAVAL ACADEMY;3253634688206;633715
E26;MODE;T-shirt;1105681;931;261-DROSE;OFF WHITE M;3253634681122;632990
E26;MODE;T-shirt;1105681;931;261-DROSE;OFF WHITE M;3253634681184;632997
E26;MODE;T-shirt;1105681;931;261-DROSE;OFF WHITE M;3253634681191;632998
E26;MODE;T-shirt;1105681;931;261-DROSE;OFF WHITE M;3253634681207;632999
E26;MODE;T-shirt;1105681;931;261-DROSE;OFF WHITE M;3253634681214;633000
E26;MODE;T-shirt;1105840;931;261-DPALM;OFF WHITE M;3253634692470;634145
E26;MODE;T-shirt;1105840;931;261-DPALM;OFF WHITE M;3253634693132;634212
E26;MODE;T-shirt;1105840;931;261-DPALM;OFF WHITE M;3253634693149;634213
E26;MODE;T-shirt;1105840;931;261-DPALM;OFF WHITE M;3253634693156;634214
E26;MODE;T-shirt;1105840;931;261-DPALM;OFF WHITE M;3253634693163;634215
E26;MODE;T-shirt;1106523;979;261-DBABY;NOIR M;3253634733623;638785
E26;MODE;T-shirt;1106523;979;261-DBABY;NOIR M;3253634733739;638797
E26;MODE;T-shirt;1106523;979;261-DBABY;NOIR M;3253634733746;638798
E26;MODE;T-shirt;1106523;979;261-DBABY;NOIR M;3253634733753;638799
E26;MODE;T-shirt;1106523;979;261-DBABY;NOIR M;3253634733760;638800
E26;ESSENTIELS;T-shirt;98032;1144;241-DAGA;PALE BANANA;3253634679921;632868
E26;ESSENTIELS;T-shirt;98032;1144;241-DAGA;PALE BANANA;3253634679976;632874
E26;ESSENTIELS;T-shirt;98032;1144;241-DAGA;PALE BANANA;3253634679983;632875
E26;ESSENTIELS;T-shirt;98032;1144;241-DAGA;PALE BANANA;3253634679990;632876
E26;ESSENTIELS;T-shirt;98032;1144;241-DAGA;PALE BANANA;3253634680002;632877
E26;MODE;Pull;98061;1204;241-MELAN;MYRTILLE M;3253634681955;633076
E26;MODE;Pull;98061;1204;241-MELAN;MYRTILLE M;3253634681979;633079
E26;MODE;Pull;98061;1204;241-MELAN;MYRTILLE M;3253634681986;633080
E26;MODE;Pull;98061;1204;241-MELAN;MYRTILLE M;3253634681993;633081
E26;MODE;Pull;98061;1204;241-MELAN;MYRTILLE M;3253634681962;633078
E26;ESSENTIELS;Pull;99513;201;242-MUSHU;ECRU;3253634297200;592454
E26;ESSENTIELS;Pull;99513;201;242-MUSHU;ECRU;3253634297217;592455
E26;ESSENTIELS;Pull;99513;201;242-MUSHU;ECRU;3253634297224;592456
E26;ESSENTIELS;Pull;99513;201;242-MUSHU;ECRU;3253634297231;592457
E26;ESSENTIELS;Pull;99513;201;242-MUSHU;ECRU;3253634297248;592458
E26;MODE;Pull;1105699;929;261-MLOSI;NOIR/IVOIRE;3253634682174;633099
E26;MODE;Pull;1105699;929;261-MLOSI;NOIR/IVOIRE;3253634682433;633126
E26;MODE;Pull;1105699;929;261-MLOSI;NOIR/IVOIRE;3253634682457;633128
E26;MODE;Pull;1105699;929;261-MLOSI;NOIR/IVOIRE;3253634682464;633129
E26;MODE;Pull;1105699;929;261-MLOSI;NOIR/IVOIRE;3253634682440;633127
E26;ESSENTIELS;Robe/ combinaison;1102137;979;251-RIA;NOIR M;3253634689296;633825
E26;ESSENTIELS;Robe/ combinaison;1102137;979;251-RIA;NOIR M;3253634689302;633826
E26;ESSENTIELS;Robe/ combinaison;1102137;979;251-RIA;NOIR M;3253634689319;633827
E26;ESSENTIELS;Robe/ combinaison;1102137;979;251-RIA;NOIR M;3253634689326;633828
E26;ESSENTIELS;Robe/ combinaison;1102137;979;251-RIA;NOIR M;3253634689333;633829
E26;ESSENTIELS;Robe/ combinaison;1102137;979;251-RIA;NOIR M;3253634688251;633720
E26;ESSENTIELS;Robe/ combinaison;1102222;1204;251-REINE1;MYRTILLE M;3253634689401;633836
E26;ESSENTIELS;Robe/ combinaison;1102222;1204;251-REINE1;MYRTILLE M;3253634689418;633837
E26;ESSENTIELS;Robe/ combinaison;1102222;1204;251-REINE1;MYRTILLE M;3253634689425;633838
E26;ESSENTIELS;Robe/ combinaison;1102222;1204;251-REINE1;MYRTILLE M;3253634689432;633839
E26;ESSENTIELS;Robe/ combinaison;1102222;1204;251-REINE1;MYRTILLE M;3253634689395;633835
E26;ESSENTIELS;Robe/ combinaison;1102222;1204;251-REINE1;MYRTILLE M;3253634688619;633756
E26;ESSENTIELS;Haut boutonné;98443;1200;241-OROOVE;NAVAL ACADEMY;3253634688510;633746
E26;ESSENTIELS;Haut boutonné;98443;1200;241-OROOVE;NAVAL ACADEMY;3253634688848;633780
E26;ESSENTIELS;Haut boutonné;98443;1200;241-OROOVE;NAVAL ACADEMY;3253634688862;633782
E26;ESSENTIELS;Haut boutonné;98443;1200;241-OROOVE;NAVAL ACADEMY;3253634688879;633783
E26;ESSENTIELS;Haut boutonné;98443;1200;241-OROOVE;NAVAL ACADEMY;3253634688886;633784
E26;ESSENTIELS;Haut boutonné;98443;1200;241-OROOVE;NAVAL ACADEMY;3253634688855;633781
E26;MODE;Robe / Tricot;1105701;979;261-RMAGO;NOIR M;3253634682532;633136
E26;MODE;Robe / Tricot;1105701;979;261-RMAGO;NOIR M;3253634682549;633137
E26;MODE;Robe / Tricot;1105701;979;261-RMAGO;NOIR M;3253634682198;633101
E26;MODE;Robe / Tricot;1105701;979;261-RMAGO;NOIR M;3253634682518;633134
E26;MODE;Robe / Tricot;1105701;979;261-RMAGO;NOIR M;3253634682525;633135
E26;ESSENTIELS;Robe/ combinaison;1105800;1023;261-RPLISSY;MAGMA M;3253634690346;633930
E26;ESSENTIELS;Robe/ combinaison;1105800;1023;261-RPLISSY;MAGMA M;3253634690353;633931
E26;ESSENTIELS;Robe/ combinaison;1105800;1023;261-RPLISSY;MAGMA M;3253634690360;633932
E26;ESSENTIELS;Robe/ combinaison;1105800;1023;261-RPLISSY;MAGMA M;3253634690377;633933
E26;ESSENTIELS;Robe/ combinaison;1105800;1023;261-RPLISSY;MAGMA M;3253634688282;633723
E26;ESSENTIELS;Robe/ combinaison;1105800;1023;261-RPLISSY;MAGMA M;3253634690384;633934
E26;ESSENTIELS;T-shirt;1102198;1166;251-DALBA;BUBBLE M;3253634692432;634141
E26;ESSENTIELS;T-shirt;1102198;1166;251-DALBA;BUBBLE M;3253634692531;634152
E26;ESSENTIELS;T-shirt;1102198;1166;251-DALBA;BUBBLE M;3253634692548;634153
E26;ESSENTIELS;T-shirt;1102198;1166;251-DALBA;BUBBLE M;3253634692555;634154
E26;ESSENTIELS;T-shirt;1102198;1166;251-DALBA;BUBBLE M;3253634692562;634155
E26;MODE;T-shirt;1105706;1191;261-DEFI;BUTTER M;3253634692326;634130
E26;MODE;T-shirt;1105706;1191;261-DEFI;BUTTER M;3253634692623;634161
E26;MODE;T-shirt;1105706;1191;261-DEFI;BUTTER M;3253634692630;634162
E26;MODE;T-shirt;1105706;1191;261-DEFI;BUTTER M;3253634692647;634163
E26;MODE;T-shirt;1105706;1191;261-DEFI;BUTTER M;3253634692616;634160
E26;ESSENTIELS;Jupe;1105757;993;261-JITAMI;DENIM STONE;3253634683843;633274
E26;ESSENTIELS;Jupe;1105757;993;261-JITAMI;DENIM STONE;3253634685939;633484
E26;ESSENTIELS;Jupe;1105757;993;261-JITAMI;DENIM STONE;3253634685946;633485
E26;ESSENTIELS;Jupe;1105757;993;261-JITAMI;DENIM STONE;3253634685953;633486
E26;ESSENTIELS;Jupe;1105757;993;261-JITAMI;DENIM STONE;3253634685960;633487
E26;ESSENTIELS;Jupe;1105757;993;261-JITAMI;DENIM STONE;3253634685977;633488
E26;MODE;Robe/ combinaison;1105826;1118;261-RBRUM;EPICE M;3253634688671;633762
E26;MODE;Robe/ combinaison;1105826;1118;261-RBRUM;EPICE M;3253634691657;634061
E26;MODE;Robe/ combinaison;1105826;1118;261-RBRUM;EPICE M;3253634691664;634062
E26;MODE;Robe/ combinaison;1105826;1118;261-RBRUM;EPICE M;3253634691671;634063
E26;MODE;Robe/ combinaison;1105826;1118;261-RBRUM;EPICE M;3253634691688;634064
E26;MODE;Robe/ combinaison;1105826;1118;261-RBRUM;EPICE M;3253634691640;634060
E26;MODE;Robe/ combinaison;1107233;100;261-RSAMYA;NOIR;3253634783024;643871
E26;MODE;Robe/ combinaison;1107233;100;261-RSAMYA;NOIR;3253634783055;643875
E26;MODE;Robe/ combinaison;1107233;100;261-RSAMYA;NOIR;3253634783062;643876
E26;MODE;Robe/ combinaison;1107233;100;261-RSAMYA;NOIR;3253634783079;643877
E26;MODE;Robe/ combinaison;1107233;100;261-RSAMYA;NOIR;3253634783086;643878
E26;MODE;Robe/ combinaison;1107233;100;261-RSAMYA;NOIR;3253634783093;643879
E26;MODE;T-shirt;1105675;931;261-DOUCE;OFF WHITE M;3253634680613;632938
E26;MODE;T-shirt;1105675;931;261-DOUCE;OFF WHITE M;3253634680620;632939
E26;MODE;T-shirt;1105675;931;261-DOUCE;OFF WHITE M;3253634680637;632940
E26;MODE;T-shirt;1105675;931;261-DOUCE;OFF WHITE M;3253634680644;632941
E26;MODE;T-shirt;1105675;931;261-DOUCE;OFF WHITE M;3253634679853;632861
E26;ESSENTIELS;T-shirt;1106896;979;261-DARIA;NOIR M;3253634760780;641587
E26;ESSENTIELS;T-shirt;1106896;979;261-DARIA;NOIR M;3253634761237;641633
E26;ESSENTIELS;T-shirt;1106896;979;261-DARIA;NOIR M;3253634761251;641635
E26;ESSENTIELS;T-shirt;1106896;979;261-DARIA;NOIR M;3253634761268;641636
E26;ESSENTIELS;T-shirt;1106896;979;261-DARIA;NOIR M;3253634761244;641634
E26;MODE;Haut boutonné;1105814;900;261-CUBA.F;MULTICO;3253634691053;634001
E26;MODE;Haut boutonné;1105814;900;261-CUBA.F;MULTICO;3253634691060;634002
E26;MODE;Haut boutonné;1105814;900;261-CUBA.F;MULTICO;3253634691077;634003
E26;MODE;Haut boutonné;1105814;900;261-CUBA.F;MULTICO;3253634691084;634004
E26;MODE;Haut boutonné;1105814;900;261-CUBA.F;MULTICO;3253634688503;633745
E26;MODE;Haut boutonné;1105814;900;261-CUBA.F;MULTICO;3253634691046;634000
E26;ESSENTIELS;Robe/ combinaison;99078;1144;241-ROSLI;PALE BANANA;3253634689098;633805
E26;ESSENTIELS;Robe/ combinaison;99078;1144;241-ROSLI;PALE BANANA;3253634689104;633806
E26;ESSENTIELS;Robe/ combinaison;99078;1144;241-ROSLI;PALE BANANA;3253634689111;633807
E26;ESSENTIELS;Robe/ combinaison;99078;1144;241-ROSLI;PALE BANANA;3253634689128;633808
E26;ESSENTIELS;Robe/ combinaison;99078;1144;241-ROSLI;PALE BANANA;3253634689135;633809
E26;ESSENTIELS;Robe/ combinaison;99078;1144;241-ROSLI;PALE BANANA;3253634688435;633738
E26;MODE;Haut boutonné;1105786;931;261-OPON;OFF WHITE M;3253634689647;633860
E26;MODE;Haut boutonné;1105786;931;261-OPON;OFF WHITE M;3253634689654;633861
E26;MODE;Haut boutonné;1105786;931;261-OPON;OFF WHITE M;3253634689661;633862
E26;MODE;Haut boutonné;1105786;931;261-OPON;OFF WHITE M;3253634689678;633863
E26;MODE;Haut boutonné;1105786;931;261-OPON;OFF WHITE M;3253634689685;633864
E26;MODE;Haut boutonné;1105786;931;261-OPON;OFF WHITE M;3253634688114;633706
E26;MODE;Robe/ combinaison;1106507;900;261-RARAM.F;MULTICO;3253634732503;638668
E26;MODE;Robe/ combinaison;1106507;900;261-RARAM.F;MULTICO;3253634732626;638681
E26;MODE;Robe/ combinaison;1106507;900;261-RARAM.F;MULTICO;3253634732633;638682
E26;MODE;Robe/ combinaison;1106507;900;261-RARAM.F;MULTICO;3253634732640;638683
E26;MODE;Robe/ combinaison;1106507;900;261-RARAM.F;MULTICO;3253634732657;638684
E26;MODE;Robe/ combinaison;1106507;900;261-RARAM.F;MULTICO;3253634732664;638685
E26;MODE;T-shirt;1105834;979;261-DJOJO;NOIR M;3253634735436;638975
E26;MODE;T-shirt;1105834;979;261-DJOJO;NOIR M;3253634735443;638977
E26;MODE;T-shirt;1105834;979;261-DJOJO;NOIR M;3253634735450;638978
E26;MODE;T-shirt;1105834;979;261-DJOJO;NOIR M;3253634735467;638979
E26;MODE;T-shirt;1105834;979;261-DJOJO;NOIR M;3253634735474;638980
E26;ESSENTIELS;Robe/ combinaison;97093;1152;241-ROSVAL;BLUE DEPTHS;3253634634470;628166
E26;ESSENTIELS;Robe/ combinaison;97093;1152;241-ROSVAL;BLUE DEPTHS;3253634634487;628167
E26;ESSENTIELS;Robe/ combinaison;97093;1152;241-ROSVAL;BLUE DEPTHS;3253634634500;628169
E26;ESSENTIELS;Robe/ combinaison;97093;1152;241-ROSVAL;BLUE DEPTHS;3253634634517;628170
E26;ESSENTIELS;Robe/ combinaison;97093;1152;241-ROSVAL;BLUE DEPTHS;3253634634524;628171
E26;ESSENTIELS;Robe/ combinaison;97093;1152;241-ROSVAL;BLUE DEPTHS;3253634634494;628168
E26;MODE;T-shirt;1105837;1144;261-DANANA;PALE BANANA;3253634693019;634200
E26;MODE;T-shirt;1105837;1144;261-DANANA;PALE BANANA;3253634692449;634142
E26;MODE;T-shirt;1105837;1144;261-DANANA;PALE BANANA;3253634693026;634201
E26;MODE;T-shirt;1105837;1144;261-DANANA;PALE BANANA;3253634693033;634202
E26;MODE;T-shirt;1105837;1144;261-DANANA;PALE BANANA;3253634693040;634203
E26;ESSENTIELS;Haut boutonné;98945;978;242-OLAFI;IVOIRE M;3253634498669;613909
E26;ESSENTIELS;Haut boutonné;98945;978;242-OLAFI;IVOIRE M;3253634498676;613910
E26;ESSENTIELS;Haut boutonné;98945;978;242-OLAFI;IVOIRE M;3253634498683;613911
E26;ESSENTIELS;Haut boutonné;98945;978;242-OLAFI;IVOIRE M;3253634498690;613912
E26;ESSENTIELS;Haut boutonné;98945;978;242-OLAFI;IVOIRE M;3253634498706;613913
E26;ESSENTIELS;Haut boutonné;98945;978;242-OLAFI;IVOIRE M;3253634498713;613914
E26;MODE;Pull;1105694;1219;261-MPIKA;ROSEE M;3253634682129;633094
E26;MODE;Pull;1105694;1219;261-MPIKA;ROSEE M;3253634682235;633106
E26;MODE;Pull;1105694;1219;261-MPIKA;ROSEE M;3253634682242;633107
E26;MODE;Pull;1105694;1219;261-MPIKA;ROSEE M;3253634682259;633108
E26;MODE;Pull;1105694;1219;261-MPIKA;ROSEE M;3253634682266;633109
E26;ESSENTIELS;T-shirt;1106690;931;261-DGUAPA;OFF WHITE M;3253634748269;640286
E26;ESSENTIELS;T-shirt;1106690;931;261-DGUAPA;OFF WHITE M;3253634748313;640292
E26;ESSENTIELS;T-shirt;1106690;931;261-DGUAPA;OFF WHITE M;3253634748320;640293
E26;ESSENTIELS;T-shirt;1106690;931;261-DGUAPA;OFF WHITE M;3253634748337;640294
E26;ESSENTIELS;T-shirt;1106690;931;261-DGUAPA;OFF WHITE M;3253634748344;640295
E26;ESSENTIELS;T-shirt;1105668;1204;261-DIVALI;MYRTILLE M;3253634680293;632906
E26;ESSENTIELS;T-shirt;1105668;1204;261-DIVALI;MYRTILLE M;3253634680309;632907
E26;ESSENTIELS;T-shirt;1105668;1204;261-DIVALI;MYRTILLE M;3253634680316;632908
E26;ESSENTIELS;T-shirt;1105668;1204;261-DIVALI;MYRTILLE M;3253634680323;632909
E26;ESSENTIELS;T-shirt;1105668;1204;261-DIVALI;MYRTILLE M;3253634679716;632847
E26;MODE;T-shirt;1106741;931;261-DWONDER;OFF WHITE M;3253634752976;640794
E26;MODE;T-shirt;1106741;931;261-DWONDER;OFF WHITE M;3253634753126;640810
E26;MODE;T-shirt;1106741;931;261-DWONDER;OFF WHITE M;3253634753133;640811
E26;MODE;T-shirt;1106741;931;261-DWONDER;OFF WHITE M;3253634753140;640812
E26;MODE;T-shirt;1106741;931;261-DWONDER;OFF WHITE M;3253634753157;640813
E26;MODE;Haut boutonné;1105793;979;261-OSAJE;NOIR M;3253634689999;633895
E26;MODE;Haut boutonné;1105793;979;261-OSAJE;NOIR M;3253634690001;633896
E26;MODE;Haut boutonné;1105793;979;261-OSAJE;NOIR M;3253634690018;633897
E26;MODE;Haut boutonné;1105793;979;261-OSAJE;NOIR M;3253634690025;633898
E26;MODE;Haut boutonné;1105793;979;261-OSAJE;NOIR M;3253634690032;633899
E26;MODE;Haut boutonné;1105793;979;261-OSAJE;NOIR M;3253634688183;633713
E26;ESSENTIELS;Robe/ combinaison;1105824;979;261-PBELLE;NOIR M;3253634688657;633760
E26;ESSENTIELS;Robe/ combinaison;1105824;979;261-PBELLE;NOIR M;3253634691541;634050
E26;ESSENTIELS;Robe/ combinaison;1105824;979;261-PBELLE;NOIR M;3253634691558;634051
E26;ESSENTIELS;Robe/ combinaison;1105824;979;261-PBELLE;NOIR M;3253634691572;634053
E26;ESSENTIELS;Robe/ combinaison;1105824;979;261-PBELLE;NOIR M;3253634691589;634054
E26;ESSENTIELS;Robe/ combinaison;1105824;979;261-PBELLE;NOIR M;3253634691565;634052
E26;ESSENTIELS;Robe/ combinaison;1103015;987;251-RJOLIE;MARINE M;3253634517148;615779
E26;ESSENTIELS;Robe/ combinaison;1103015;987;251-RJOLIE;MARINE M;3253634517155;615780
E26;ESSENTIELS;Robe/ combinaison;1103015;987;251-RJOLIE;MARINE M;3253634517162;615781
E26;ESSENTIELS;Robe/ combinaison;1103015;987;251-RJOLIE;MARINE M;3253634517179;615782
E26;ESSENTIELS;Robe/ combinaison;1103015;987;251-RJOLIE;MARINE M;3253634517186;615783
E26;ESSENTIELS;Robe/ combinaison;1103015;987;251-RJOLIE;MARINE M;3253634517131;615778
E26;MODE;Robe/ combinaison;1104847;1150;261-RTILA;AVENTURINE;3253634636399;628358
E26;MODE;Robe/ combinaison;1104847;1150;261-RTILA;AVENTURINE;3253634636405;628359
E26;MODE;Robe/ combinaison;1104847;1150;261-RTILA;AVENTURINE;3253634636429;628361
E26;MODE;Robe/ combinaison;1104847;1150;261-RTILA;AVENTURINE;3253634636436;628362
E26;MODE;Robe/ combinaison;1104847;1150;261-RTILA;AVENTURINE;3253634636443;628363
E26;MODE;Robe/ combinaison;1104847;1150;261-RTILA;AVENTURINE;3253634636412;628360
E26;MODE;Robe/ combinaison;1105825;900;261-RDALA.F;MULTICO;3253634688664;633761
E26;MODE;Robe/ combinaison;1105825;900;261-RDALA.F;MULTICO;3253634691596;634055
E26;MODE;Robe/ combinaison;1105825;900;261-RDALA.F;MULTICO;3253634691602;634056
E26;MODE;Robe/ combinaison;1105825;900;261-RDALA.F;MULTICO;3253634691619;634057
E26;MODE;Robe/ combinaison;1105825;900;261-RDALA.F;MULTICO;3253634691626;634058
E26;MODE;Robe/ combinaison;1105825;900;261-RDALA.F;MULTICO;3253634691633;634059
E26;ESSENTIELS;T-shirt;101546;1168;251-DIDOA;ARGAN OIL;3253634625867;627305
E26;ESSENTIELS;T-shirt;101546;1168;251-DIDOA;ARGAN OIL;3253634625874;627306
E26;ESSENTIELS;T-shirt;101546;1168;251-DIDOA;ARGAN OIL;3253634625881;627307
E26;ESSENTIELS;T-shirt;101546;1168;251-DIDOA;ARGAN OIL;3253634625904;627309
E26;ESSENTIELS;T-shirt;101546;1168;251-DIDOA;ARGAN OIL;3253634625898;627308
E26;MODE;Robe/ combinaison;1104860;1160;261-RDADOU;FIG;3253634637402;628459
E26;MODE;Robe/ combinaison;1104860;1160;261-RDADOU;FIG;3253634637358;628454
E26;MODE;Robe/ combinaison;1104860;1160;261-RDADOU;FIG;3253634637365;628455
E26;MODE;Robe/ combinaison;1104860;1160;261-RDADOU;FIG;3253634637372;628456
E26;MODE;Robe/ combinaison;1104860;1160;261-RDADOU;FIG;3253634637389;628457
E26;MODE;Robe/ combinaison;1104860;1160;261-RDADOU;FIG;3253634637396;628458
E26;ESSENTIELS;Robe/ combinaison;1104861;1023;261-RLUCY;MAGMA M;3253634637419;628460
E26;ESSENTIELS;Robe/ combinaison;1104861;1023;261-RLUCY;MAGMA M;3253634637426;628461
E26;ESSENTIELS;Robe/ combinaison;1104861;1023;261-RLUCY;MAGMA M;3253634637433;628462
E26;ESSENTIELS;Robe/ combinaison;1104861;1023;261-RLUCY;MAGMA M;3253634637440;628463
E26;ESSENTIELS;Robe/ combinaison;1104861;1023;261-RLUCY;MAGMA M;3253634637457;628464
E26;ESSENTIELS;Robe/ combinaison;1104861;1023;261-RLUCY;MAGMA M;3253634637464;628465
E26;ESSENTIELS;T-shirt;1105676;1199;261-DFESTON;SWEET DREAMS;3253634680651;632942
E26;ESSENTIELS;T-shirt;1105676;1199;261-DFESTON;SWEET DREAMS;3253634680668;632943
E26;ESSENTIELS;T-shirt;1105676;1199;261-DFESTON;SWEET DREAMS;3253634680675;632944
E26;ESSENTIELS;T-shirt;1105676;1199;261-DFESTON;SWEET DREAMS;3253634680682;632945
E26;ESSENTIELS;T-shirt;1105676;1199;261-DFESTON;SWEET DREAMS;3253634679860;632862
E26;ESSENTIELS;Robe/ combinaison;1105784;1200;261-RISSOL;NAVAL ACADEMY;3253634689555;633851
E26;ESSENTIELS;Robe/ combinaison;1105784;1200;261-RISSOL;NAVAL ACADEMY;3253634689562;633852
E26;ESSENTIELS;Robe/ combinaison;1105784;1200;261-RISSOL;NAVAL ACADEMY;3253634689579;633853
E26;ESSENTIELS;Robe/ combinaison;1105784;1200;261-RISSOL;NAVAL ACADEMY;3253634689586;633854
E26;ESSENTIELS;Robe/ combinaison;1105784;1200;261-RISSOL;NAVAL ACADEMY;3253634688084;633703
E26;ESSENTIELS;Robe/ combinaison;1105784;1200;261-RISSOL;NAVAL ACADEMY;3253634689548;633850
E26;ESSENTIELS;T-shirt;1102191;979;251-DELLA;NOIR M;3253634679808;632856
E26;ESSENTIELS;T-shirt;1102191;979;251-DELLA;NOIR M;3253634680057;632882
E26;ESSENTIELS;T-shirt;1102191;979;251-DELLA;NOIR M;3253634680064;632883
E26;ESSENTIELS;T-shirt;1102191;979;251-DELLA;NOIR M;3253634680071;632884
E26;ESSENTIELS;T-shirt;1102191;979;251-DELLA;NOIR M;3253634680088;632885
E26;ESSENTIELS;Robe/ combinaison;1102139;1150;251-RISSAL;AVENTURINE;3253634635316;628250
E26;ESSENTIELS;Robe/ combinaison;1102139;1150;251-RISSAL;AVENTURINE;3253634635323;628251
E26;ESSENTIELS;Robe/ combinaison;1102139;1150;251-RISSAL;AVENTURINE;3253634635330;628252
E26;ESSENTIELS;Robe/ combinaison;1102139;1150;251-RISSAL;AVENTURINE;3253634635347;628253
E26;ESSENTIELS;Robe/ combinaison;1102139;1150;251-RISSAL;AVENTURINE;3253634635354;628254
E26;ESSENTIELS;Robe/ combinaison;1102139;1150;251-RISSAL;AVENTURINE;3253634635361;628255
E26;ESSENTIELS;T-shirt;1104721;1191;261-DIANA;BUTTER M;3253634626383;627357
E26;ESSENTIELS;T-shirt;1104721;1191;261-DIANA;BUTTER M;3253634626390;627358
E26;ESSENTIELS;T-shirt;1104721;1191;261-DIANA;BUTTER M;3253634626406;627359
E26;ESSENTIELS;T-shirt;1104721;1191;261-DIANA;BUTTER M;3253634626413;627360
E26;ESSENTIELS;T-shirt;1104721;1191;261-DIANA;BUTTER M;3253634626420;627361
E26;ESSENTIELS;T-shirt;1105763;1200;261-DNINO;NAVAL ACADEMY;3253634686189;633509
E26;ESSENTIELS;T-shirt;1105763;1200;261-DNINO;NAVAL ACADEMY;3253634686509;633542
E26;ESSENTIELS;T-shirt;1105763;1200;261-DNINO;NAVAL ACADEMY;3253634686516;633543
E26;ESSENTIELS;T-shirt;1105763;1200;261-DNINO;NAVAL ACADEMY;3253634686523;633544
E26;ESSENTIELS;T-shirt;1105763;1200;261-DNINO;NAVAL ACADEMY;3253634686530;633545
E26;MODE;Ceinture;1105716;401;261-3FLEUR;DORE;3253634683294;633217
E26;MODE;Ceinture;1105716;401;261-3FLEUR;DORE;3253634683362;633225
E26;MODE;Ceinture;1105716;401;261-3FLEUR;DORE;3253634683379;633226
E26;MODE;T-shirt;1106739;1204;261-DCIAO;MYRTILLE M;3253634752952;640792
E26;MODE;T-shirt;1106739;1204;261-DCIAO;MYRTILLE M;3253634753041;640802
E26;MODE;T-shirt;1106739;1204;261-DCIAO;MYRTILLE M;3253634753058;640803
E26;MODE;T-shirt;1106739;1204;261-DCIAO;MYRTILLE M;3253634753065;640804
E26;MODE;T-shirt;1106739;1204;261-DCIAO;MYRTILLE M;3253634753072;640805
