emisor;nombre_emisor;receptor;nombre_receptor;producto;color;tallas;codigo_producto;codigo_color;stock_inicial_receptor;stock_antes;aporte;stock_despues;cobertura_antes;cobertura_despues;url_foto
840;ECI BERCIAL;832;ECI MADRID GOYA;261-DIDONA;OFF WHITE M;TL, TM, TS, TXS;1105680;931;8;8.0;8.0;16.0;4;8;https://content.morgandetoi.fr/el-corte-ingles/1105680-931-F.jpg
2020;ECI SALAMANCA;869;ECI ALCALA DE HENARES;261-DIDONA;OFF WHITE M;TL, TM, TS, TXS;1105680;931;5;5.0;4.0;9.0;3;4;https://content.morgandetoi.fr/el-corte-ingles/1105680-931-F.jpg
840;ECI BERCIAL;801;ECI PRECIADOS;261-DAVINA;OFF WHITE/MARINE;TL, TM, TS, TXL, TXS;1106827;925;6;6.0;5.0;11.0;3;6;#
1782;ECI CAMPO DE LAS NACIONES;801;ECI PRECIADOS;251-MOLOVIC;IVOIRE M;TL, TM, TS, TXS;1102111;978;6;6.0;4.0;10.0;3;5;#
2020;ECI SALAMANCA;801;ECI PRECIADOS;251-MOLOVIC;IVOIRE M;TL, TM, TS, TXS;1102111;978;6;10.0;4.0;14.0;5;7;#
801;ECI PRECIADOS;803;ECI SANCHINARRO;261-DIYUKI;IVOIRE/NOIR;TL, TM, TS, TXS;1106742;928;1;1.0;7.0;8.0;0;3;https://content.morgandetoi.fr/el-corte-ingles/1106742-928-F.jpg
840;ECI BERCIAL;803;ECI SANCHINARRO;261-DIYUKI;IVOIRE/NOIR;TL, TM, TS, TXS;1106742;928;1;8.0;6.0;14.0;3;5;https://content.morgandetoi.fr/el-corte-ingles/1106742-928-F.jpg
845;ECI XANADU;2094;ECI SAN JOSÉ VALDERAS;261-DIYUKI;IVOIRE/NOIR;TL, TM, TS, TXS;1106742;928;0;0.0;4.0;4.0;0;4;https://content.morgandetoi.fr/el-corte-ingles/1106742-928-F.jpg
1782;ECI CAMPO DE LAS NACIONES;857;ECI VALLADOLID ZORRILLA;251-DSARAH;IVOIRE M;TS;1103028;978;2;2.0;1.0;3.0;2;3;#
840;ECI BERCIAL;803;ECI SANCHINARRO;261-MPIKA;ROSEE M;TL, TM, TS, TXS;1105694;1219;10;10.0;6.0;16.0;5;8;https://content.morgandetoi.fr/el-corte-ingles/1105694-1219-F.jpg
2020;ECI SALAMANCA;801;ECI PRECIADOS;261-MPIKA;ROSEE M;TL, TM, TS, TXS;1105694;1219;3;3.0;4.0;7.0;3;7;https://content.morgandetoi.fr/el-corte-ingles/1105694-1219-F.jpg
1782;ECI CAMPO DE LAS NACIONES;832;ECI MADRID GOYA;261-MPIKA;ROSEE M;TL, TXS;1105694;1219;4;4.0;3.0;7.0;4;7;https://content.morgandetoi.fr/el-corte-ingles/1105694-1219-F.jpg
2020;ECI SALAMANCA;801;ECI PRECIADOS;261-DSAMIR;MYRTILLE M;TL, TM, TXS;1105679;1204;3;3.0;3.0;6.0;2;3;https://content.morgandetoi.fr/el-corte-ingles/1105679-1204-F.jpg
869;ECI ALCALA DE HENARES;801;ECI PRECIADOS;242-BINGO;ECRU;TL, TM, TS, TXS;99187;201;6;6.0;5.0;11.0;3;6;#
2094;ECI SAN JOSÉ VALDERAS;801;ECI PRECIADOS;242-BINGO;ECRU;TXS;99187;201;6;11.0;1.0;12.0;6;6;#
2020;ECI SALAMANCA;801;ECI PRECIADOS;252-DFLOWER;NOIR M;TL, TM, TS, TXS;1102614;979;3;3.0;4.0;7.0;2;4;#
832;ECI MADRID GOYA;803;ECI SANCHINARRO;242-MUSHU;ECRU;TL, TM, TS, TXS;99513;201;4;4.0;6.0;10.0;2;5;#
805;ECI SERRANO PRINCESA;803;ECI SANCHINARRO;242-MUSHU;ECRU;TL, TM, TS, TXS;99513;201;4;10.0;5.0;15.0;5;8;#
857;ECI VALLADOLID ZORRILLA;1782;ECI CAMPO DE LAS NACIONES;242-MUSHU;ECRU;TL, TM, TXS;99513;201;1;1.0;4.0;5.0;1;5;#
2020;ECI SALAMANCA;803;ECI SANCHINARRO;241-MELAN;MYRTILLE M;TL, TM, TS, TXS;98061;1204;7;7.0;4.0;11.0;4;6;#
845;ECI XANADU;803;ECI SANCHINARRO;241-MELAN;MYRTILLE M;TL, TXS;98061;1204;7;11.0;2.0;13.0;6;6;#
2020;ECI SALAMANCA;832;ECI MADRID GOYA;251-DELLA;OFF WHITE M;TL, TM, TS, TXS;1102191;931;1;1.0;4.0;5.0;1;2;#
2020;ECI SALAMANCA;806;ECI POZUELO;261-DTAL;BUBBLE M;TL, TM, TS, TXS;1105672;1166;2;2.0;6.0;8.0;2;8;https://content.morgandetoi.fr/el-corte-ingles/1105672-1166-F.jpg
803;ECI SANCHINARRO;857;ECI VALLADOLID ZORRILLA;261-DECLIC;OFF WHITE M;TL, TM, TS, TXS;1107271;931;0;0.0;7.0;7.0;0;4;#
840;ECI BERCIAL;857;ECI VALLADOLID ZORRILLA;261-DECLIC;OFF WHITE M;TL, TM, TS, TXS;1107271;931;0;7.0;4.0;11.0;4;6;#
2020;ECI SALAMANCA;803;ECI SANCHINARRO;261-RELIF.F;MULTICO;T34, T38, T40, T42;1105798;900;5;5.0;5.0;10.0;2;3;https://content.morgandetoi.fr/el-corte-ingles/1105798-900-F.jpg
1782;ECI CAMPO DE LAS NACIONES;803;ECI SANCHINARRO;261-RELIF.F;MULTICO;T36, T38, T40, T42;1105798;900;5;10.0;4.0;14.0;3;5;https://content.morgandetoi.fr/el-corte-ingles/1105798-900-F.jpg
805;ECI SERRANO PRINCESA;803;ECI SANCHINARRO;242-DAYA;ECRU;TL, TM, TS, TXS;98717;201;4;4.0;5.0;9.0;2;4;#
857;ECI VALLADOLID ZORRILLA;832;ECI MADRID GOYA;261-DOUCE;OFF WHITE M;TL, TM, TS;1105675;931;3;3.0;5.0;8.0;3;8;https://content.morgandetoi.fr/el-corte-ingles/1105675-931-F.jpg
2020;ECI SALAMANCA;840;ECI BERCIAL;261-DOUCE;OFF WHITE M;TL, TM, TS, TXS;1105675;931;3;3.0;4.0;7.0;3;7;https://content.morgandetoi.fr/el-corte-ingles/1105675-931-F.jpg
2094;ECI SAN JOSÉ VALDERAS;840;ECI BERCIAL;261-DOUCE;OFF WHITE M;TM;1105675;931;3;7.0;1.0;8.0;7;8;https://content.morgandetoi.fr/el-corte-ingles/1105675-931-F.jpg
2094;ECI SAN JOSÉ VALDERAS;803;ECI SANCHINARRO;251-RCOCO.F;MAGMA M;T34, T36, T38, T40, T42;1103895;1023;7;7.0;5.0;12.0;4;6;#
869;ECI ALCALA DE HENARES;803;ECI SANCHINARRO;241-DAGA;BEIGE;TL, TM, TS, TXS;98032;202;5;5.0;8.0;13.0;1;3;#
2020;ECI SALAMANCA;803;ECI SANCHINARRO;241-DAGA;BEIGE;TL, TM, TS, TXL, TXS;98032;202;5;13.0;4.0;17.0;3;4;#
2020;ECI SALAMANCA;803;ECI SANCHINARRO;261-DJARDI;MULTICO;TL, TM, TS, TXL, TXS;1106515;900;9;9.0;6.0;15.0;5;8;https://content.morgandetoi.fr/el-corte-ingles/1106515-900-F.jpg
845;ECI XANADU;832;ECI MADRID GOYA;261-DOMIO;OFF WHITE M;TM;1106920;931;6;6.0;1.0;7.0;3;4;https://content.morgandetoi.fr/el-corte-ingles/1106920-931-F.jpg
805;ECI SERRANO PRINCESA;801;ECI PRECIADOS;251-RDOLS;MULTICO;T34, T36, T38, T40, T42;1102144;900;4;4.0;6.0;10.0;1;3;#
2020;ECI SALAMANCA;801;ECI PRECIADOS;251-RDOLS;MULTICO;T34, T36, T38, T40, T42;1102144;900;4;10.0;6.0;16.0;3;5;#
2094;ECI SAN JOSÉ VALDERAS;801;ECI PRECIADOS;251-RDOLS;MULTICO;T40;1102144;900;4;16.0;1.0;17.0;5;6;#
1782;ECI CAMPO DE LAS NACIONES;803;ECI SANCHINARRO;252-DFLOWER;NAVAL ACADEMY;TL, TM, TS, TXS;1102614;1200;2;2.0;4.0;6.0;1;3;#
805;ECI SERRANO PRINCESA;803;ECI SANCHINARRO;252-DFLOWER;NAVAL ACADEMY;TL, TM, TS;1102614;1200;2;6.0;3.0;9.0;3;4;#
2020;ECI SALAMANCA;803;ECI SANCHINARRO;252-DFLOWER;NAVAL ACADEMY;TM, TS, TXS;1102614;1200;2;9.0;3.0;12.0;4;6;#
805;ECI SERRANO PRINCESA;2094;ECI SAN JOSÉ VALDERAS;261-BOUNTY;PRAIRIE M;TL, TM, TS, TXS;1105836;1213;1;1.0;4.0;5.0;1;5;https://content.morgandetoi.fr/el-corte-ingles/1105836-1213-F.jpg
1782;ECI CAMPO DE LAS NACIONES;803;ECI SANCHINARRO;261-DANANA;PALE BANANA;TL, TS, TXS;1105837;1144;1;1.0;3.0;4.0;1;4;https://content.morgandetoi.fr/el-corte-ingles/1105837-1144-F.jpg
845;ECI XANADU;805;ECI SERRANO PRINCESA;261-PTROPIC;NOIR M;T34, T36, T38, T40, T42;1107237;979;0;0.0;5.0;5.0;0;5;https://content.morgandetoi.fr/el-corte-ingles/1107237-979-F.jpg
2020;ECI SALAMANCA;832;ECI MADRID GOYA;251-DIDOA;ARGAN OIL;TM;101546;1168;5;5.0;1.0;6.0;5;6;#
806;ECI POZUELO;1782;ECI CAMPO DE LAS NACIONES;251-DIDOA;ARGAN OIL;TL, TM, TS, TXS;101546;1168;3;3.0;4.0;7.0;3;7;#
845;ECI XANADU;857;ECI VALLADOLID ZORRILLA;251-DIDOA;ARGAN OIL;TL, TM, TS, TXS;101546;1168;3;3.0;4.0;7.0;3;7;#
840;ECI BERCIAL;2094;ECI SAN JOSÉ VALDERAS;251-DIDOA;ARGAN OIL;TL, TM, TS, TXS;101546;1168;3;3.0;4.0;7.0;3;7;#
857;ECI VALLADOLID ZORRILLA;806;ECI POZUELO;261-RSAMYA;NOIR;T36, T38;1107233;100;2;2.0;3.0;5.0;1;2;https://content.morgandetoi.fr/el-corte-ingles/1107233-100-F.jpg
805;ECI SERRANO PRINCESA;845;ECI XANADU;261-DPALM;OFF WHITE M;TL, TM, TS;1105840;931;0;0.0;3.0;3.0;0;3;https://content.morgandetoi.fr/el-corte-ingles/1105840-931-F.jpg
803;ECI SANCHINARRO;801;ECI PRECIADOS;261-BRUNI;MULTICO;TL, TM, TS, TXS;1106743;900;7;7.0;7.0;14.0;4;7;https://content.morgandetoi.fr/el-corte-ingles/1106743-900-F.jpg
840;ECI BERCIAL;845;ECI XANADU;261-DGRAOU;OFF WHITE M;TL, TM, TS, TXS;1107039;931;4;4.0;4.0;8.0;4;8;https://content.morgandetoi.fr/el-corte-ingles/1107039-931-F.jpg
840;ECI BERCIAL;806;ECI POZUELO;251-RDOLSI;MULTICO;T34, T36, T38, T40, T42;1102739;900;3;3.0;6.0;9.0;2;4;#
2020;ECI SALAMANCA;801;ECI PRECIADOS;261-DROSE;OFF WHITE M;TL, TM, TS, TXS;1105681;931;5;5.0;4.0;9.0;3;4;https://content.morgandetoi.fr/el-corte-ingles/1105681-931-F.jpg
805;ECI SERRANO PRINCESA;801;ECI PRECIADOS;261-DRED;MAGMA M;TL, TS;1105682;1023;3;3.0;2.0;5.0;2;2;https://content.morgandetoi.fr/el-corte-ingles/1105682-1023-F.jpg
2094;ECI SAN JOSÉ VALDERAS;801;ECI PRECIADOS;261-DRED;MAGMA M;TL, TXS;1105682;1023;3;5.0;2.0;7.0;2;4;https://content.morgandetoi.fr/el-corte-ingles/1105682-1023-F.jpg
845;ECI XANADU;869;ECI ALCALA DE HENARES;261-DEFI;BUTTER M;TM, TS, TXS;1105706;1191;1;1.0;3.0;4.0;1;4;https://content.morgandetoi.fr/el-corte-ingles/1105706-1191-F.jpg
845;ECI XANADU;803;ECI SANCHINARRO;251-RCOCO.F;PRAIRIE M;T34, T36, T38, T40, T42;1103895;1213;4;4.0;6.0;10.0;1;3;#
1782;ECI CAMPO DE LAS NACIONES;803;ECI SANCHINARRO;251-RCOCO.F;PRAIRIE M;T34, T36, T38, T40, T42;1103895;1213;4;10.0;5.0;15.0;3;5;#
801;ECI PRECIADOS;806;ECI POZUELO;261-ROCHI;MARINE M;T34, T36, T38, T40, T42;1106919;987;2;2.0;5.0;7.0;1;4;https://content.morgandetoi.fr/el-corte-ingles/1106919-987-F.jpg
2020;ECI SALAMANCA;857;ECI VALLADOLID ZORRILLA;251-DALIKA;OFF WHITE M;TL, TM, TS, TXS;1103498;931;2;2.0;5.0;7.0;1;4;#
840;ECI BERCIAL;857;ECI VALLADOLID ZORRILLA;251-DALIKA;OFF WHITE M;TL, TM, TS;1103498;931;2;7.0;5.0;12.0;4;6;#
805;ECI SERRANO PRINCESA;857;ECI VALLADOLID ZORRILLA;251-DALIKA;OFF WHITE M;TL, TM, TXS;1103498;931;2;12.0;3.0;15.0;6;8;#
2020;ECI SALAMANCA;832;ECI MADRID GOYA;261-RODIOL;NOIR/IVOIRE;T36, T40;1105811;929;1;1.0;2.0;3.0;0;1;https://content.morgandetoi.fr/el-corte-ingles/1105811-929-F.jpg
2094;ECI SAN JOSÉ VALDERAS;805;ECI SERRANO PRINCESA;261-CALCI.F;OXYGENE M;T34, T36, T38, T40, T42;1104832;992;2;2.0;6.0;8.0;2;8;https://content.morgandetoi.fr/el-corte-ingles/1104832-992-F.jpg
806;ECI POZUELO;2020;ECI SALAMANCA;261-CALCI.F;OXYGENE M;T34, T36, T38, T40, T42;1104832;992;2;2.0;5.0;7.0;2;7;https://content.morgandetoi.fr/el-corte-ingles/1104832-992-F.jpg
845;ECI XANADU;2020;ECI SALAMANCA;261-CALCI.F;OXYGENE M;T40;1104832;992;2;7.0;1.0;8.0;7;8;https://content.morgandetoi.fr/el-corte-ingles/1104832-992-F.jpg
845;ECI XANADU;806;ECI POZUELO;261-CUBA.F;MULTICO;T36, T38, T40;1105814;900;1;1.0;3.0;4.0;1;4;https://content.morgandetoi.fr/el-corte-ingles/1105814-900-F.jpg
805;ECI SERRANO PRINCESA;869;ECI ALCALA DE HENARES;251-DIDOA;IVOIRE M;TL, TM, TS, TXS;101546;978;2;2.0;8.0;10.0;1;5;#
1782;ECI CAMPO DE LAS NACIONES;869;ECI ALCALA DE HENARES;251-DIDOA;IVOIRE M;TM, TS, TXS;101546;978;2;10.0;3.0;13.0;5;6;#
2020;ECI SALAMANCA;869;ECI ALCALA DE HENARES;251-DIDOA;IVOIRE M;TL, TM, TXS;101546;978;2;13.0;3.0;16.0;6;8;#
840;ECI BERCIAL;801;ECI PRECIADOS;251-DIDOA;IVOIRE M;TL, TM, TS, TXS;101546;978;3;3.0;8.0;11.0;2;6;#
801;ECI PRECIADOS;805;ECI SERRANO PRINCESA;261-DCRUISE;PRAIRIE M;TL, TM, TS, TXS;1105674;1213;1;1.0;5.0;6.0;1;6;https://content.morgandetoi.fr/el-corte-ingles/1105674-1213-F.jpg
2094;ECI SAN JOSÉ VALDERAS;845;ECI XANADU;261-DCRUISE;PRAIRIE M;TL, TM, TS, TXS;1105674;1213;2;2.0;5.0;7.0;2;7;https://content.morgandetoi.fr/el-corte-ingles/1105674-1213-F.jpg
832;ECI MADRID GOYA;2020;ECI SALAMANCA;261-DCRUISE;PRAIRIE M;TL, TM, TS, TXS;1105674;1213;3;3.0;4.0;7.0;3;7;https://content.morgandetoi.fr/el-corte-ingles/1105674-1213-F.jpg
1782;ECI CAMPO DE LAS NACIONES;806;ECI POZUELO;261-DCRUISE;PRAIRIE M;TL, TM, TS, TXS;1105674;1213;4;4.0;4.0;8.0;4;8;https://content.morgandetoi.fr/el-corte-ingles/1105674-1213-F.jpg
801;ECI PRECIADOS;805;ECI SERRANO PRINCESA;261-MTONIZA;OFF WHITE/NOIR;TL, TM, TS, TXS;1104899;930;2;2.0;6.0;8.0;2;8;https://content.morgandetoi.fr/el-corte-ingles/1104899-930-F.jpg
840;ECI BERCIAL;803;ECI SANCHINARRO;261-MTONIZA;OFF WHITE/NOIR;TL, TM, TS, TXS;1104899;930;4;4.0;4.0;8.0;4;8;https://content.morgandetoi.fr/el-corte-ingles/1104899-930-F.jpg
1782;ECI CAMPO DE LAS NACIONES;869;ECI ALCALA DE HENARES;261-DNAVY;MARINE/OFF WHITE;TM, TS, TXS;1105677;926;2;2.0;3.0;5.0;2;5;https://content.morgandetoi.fr/el-corte-ingles/1105677-926-F.jpg
832;ECI MADRID GOYA;801;ECI PRECIADOS;261-DSOLEIL;OFF WHITE M;TL, TM, TS, TXS;1105671;931;2;2.0;4.0;6.0;2;6;https://content.morgandetoi.fr/el-corte-ingles/1105671-931-F.jpg
2020;ECI SALAMANCA;803;ECI SANCHINARRO;261-DSOLEIL;OFF WHITE M;TL, TM, TS, TXS;1105671;931;4;4.0;4.0;8.0;4;8;https://content.morgandetoi.fr/el-corte-ingles/1105671-931-F.jpg
2020;ECI SALAMANCA;806;ECI POZUELO;251-RISSAL;NAVAL ACADEMY;T34, T36, T38, T40, T42;1102139;1200;3;3.0;5.0;8.0;3;8;#
805;ECI SERRANO PRINCESA;806;ECI POZUELO;251-DALBA;OFF WHITE M;TL, TS, TXS;1102198;931;3;3.0;3.0;6.0;3;6;#
2020;ECI SALAMANCA;806;ECI POZUELO;251-DALBA;OFF WHITE M;TS, TXS;1102198;931;3;6.0;2.0;8.0;6;8;#
832;ECI MADRID GOYA;845;ECI XANADU;251-DALBA;OFF WHITE M;TL, TM, TS, TXS;1102198;931;1;1.0;6.0;7.0;1;7;#
1782;ECI CAMPO DE LAS NACIONES;803;ECI SANCHINARRO;261-MINO;PALE BANANA;TL, TM, TS, TXS;1105697;1144;2;2.0;5.0;7.0;2;7;https://content.morgandetoi.fr/el-corte-ingles/1105697-1144-F.jpg
840;ECI BERCIAL;2094;ECI SAN JOSÉ VALDERAS;261-MINO;PALE BANANA;TL, TM, TS, TXS;1105697;1144;2;2.0;5.0;7.0;2;7;https://content.morgandetoi.fr/el-corte-ingles/1105697-1144-F.jpg
2020;ECI SALAMANCA;857;ECI VALLADOLID ZORRILLA;261-MINO;PALE BANANA;TL, TM, TS, TXS;1105697;1144;2;2.0;4.0;6.0;2;6;https://content.morgandetoi.fr/el-corte-ingles/1105697-1144-F.jpg
801;ECI PRECIADOS;805;ECI SERRANO PRINCESA;261-MINO;PALE BANANA;TL, TM, TS, TXS;1105697;1144;3;3.0;4.0;7.0;3;7;https://content.morgandetoi.fr/el-corte-ingles/1105697-1144-F.jpg
869;ECI ALCALA DE HENARES;845;ECI XANADU;261-MINO;PALE BANANA;TL, TM, TS, TXS;1105697;1144;3;3.0;4.0;7.0;3;7;https://content.morgandetoi.fr/el-corte-ingles/1105697-1144-F.jpg
840;ECI BERCIAL;845;ECI XANADU;261-DIFAINE;IVOIRE/NOIR;TL, TM, TS, TXS;1106740;928;1;1.0;7.0;8.0;1;8;https://content.morgandetoi.fr/el-corte-ingles/1106740-928-F.jpg
2020;ECI SALAMANCA;805;ECI SERRANO PRINCESA;261-DIFAINE;IVOIRE/NOIR;TL, TM, TS, TXS;1106740;928;3;3.0;5.0;8.0;3;8;https://content.morgandetoi.fr/el-corte-ingles/1106740-928-F.jpg
2020;ECI SALAMANCA;832;ECI MADRID GOYA;261-DWONDER;OFF WHITE M;TL, TM, TS, TXS;1106741;931;4;4.0;4.0;8.0;4;8;https://content.morgandetoi.fr/el-corte-ingles/1106741-931-F.jpg
840;ECI BERCIAL;1782;ECI CAMPO DE LAS NACIONES;261-DWONDER;OFF WHITE M;TL, TM, TS, TXS;1106741;931;2;2.0;6.0;8.0;2;8;https://content.morgandetoi.fr/el-corte-ingles/1106741-931-F.jpg
805;ECI SERRANO PRINCESA;2094;ECI SAN JOSÉ VALDERAS;261-DWONDER;OFF WHITE M;TL, TM, TS, TXS;1106741;931;2;2.0;5.0;7.0;2;7;https://content.morgandetoi.fr/el-corte-ingles/1106741-931-F.jpg
806;ECI POZUELO;845;ECI XANADU;261-DWONDER;OFF WHITE M;TL, TM, TS, TXS;1106741;931;2;2.0;5.0;7.0;2;7;https://content.morgandetoi.fr/el-corte-ingles/1106741-931-F.jpg
803;ECI SANCHINARRO;801;ECI PRECIADOS;261-SHEDA;GOLDEN BROWN;T34, T36, T38, T40, T42;1105724;1198;2;2.0;5.0;7.0;2;7;https://content.morgandetoi.fr/el-corte-ingles/1105724-1198-F.jpg
2020;ECI SALAMANCA;857;ECI VALLADOLID ZORRILLA;261-RLACO.F;OFF WHITE M;T34, T36, T38, T40, T42;1105822;931;3;3.0;5.0;8.0;3;8;https://content.morgandetoi.fr/el-corte-ingles/1105822-931-F.jpg
1782;ECI CAMPO DE LAS NACIONES;806;ECI POZUELO;261-RLACO.F;OFF WHITE M;T34, T36, T38, T40, T42;1105822;931;2;2.0;5.0;7.0;2;7;https://content.morgandetoi.fr/el-corte-ingles/1105822-931-F.jpg
2094;ECI SAN JOSÉ VALDERAS;803;ECI SANCHINARRO;261-RMILAN;DORE;TL, TM, TS, TXS;1105731;401;0;0.0;4.0;4.0;0;4;https://content.morgandetoi.fr/el-corte-ingles/1105731-401-F.jpg
840;ECI BERCIAL;803;ECI SANCHINARRO;261-DTERRA;OFF WHITE M;TL, TM, TS, TXS;1105831;931;5;5.0;4.0;9.0;3;4;https://content.morgandetoi.fr/el-corte-ingles/1105831-931-F.jpg
869;ECI ALCALA DE HENARES;803;ECI SANCHINARRO;261-DTERRA;OFF WHITE M;TL, TM, TS, TXS;1105831;931;5;9.0;4.0;13.0;4;6;https://content.morgandetoi.fr/el-corte-ingles/1105831-931-F.jpg
2020;ECI SALAMANCA;1782;ECI CAMPO DE LAS NACIONES;261-DTERRA;OFF WHITE M;TL, TM, TS, TXS;1105831;931;4;4.0;4.0;8.0;4;8;https://content.morgandetoi.fr/el-corte-ingles/1105831-931-F.jpg
857;ECI VALLADOLID ZORRILLA;832;ECI MADRID GOYA;242-OLAFI;IVOIRE M;T34, T38, T40, T42, T44;98945;978;2;2.0;6.0;8.0;2;8;#
869;ECI ALCALA DE HENARES;840;ECI BERCIAL;242-OLAFI;IVOIRE M;T38, T42;98945;978;2;2.0;3.0;5.0;2;5;#
2020;ECI SALAMANCA;840;ECI BERCIAL;242-OLAFI;IVOIRE M;T34, T42;98945;978;2;5.0;2.0;7.0;5;7;#
2094;ECI SAN JOSÉ VALDERAS;840;ECI BERCIAL;242-OLAFI;IVOIRE M;T34;98945;978;2;7.0;1.0;8.0;7;8;#
1782;ECI CAMPO DE LAS NACIONES;806;ECI POZUELO;261-SHORY.F;OFF WHITE M;T34, T36, T38, T40, T42;1105745;931;3;3.0;5.0;8.0;2;4;https://content.morgandetoi.fr/el-corte-ingles/1105745-931-F.jpg
2094;ECI SAN JOSÉ VALDERAS;806;ECI POZUELO;261-SHORY.F;OFF WHITE M;T34, T36, T38, T40, T42;1105745;931;3;8.0;5.0;13.0;4;6;https://content.morgandetoi.fr/el-corte-ingles/1105745-931-F.jpg
805;ECI SERRANO PRINCESA;801;ECI PRECIADOS;261-RARAM.F;MULTICO;T34, T36, T38, T40, T42;1106507;900;2;2.0;5.0;7.0;2;7;https://content.morgandetoi.fr/el-corte-ingles/1106507-900-F.jpg
2020;ECI SALAMANCA;832;ECI MADRID GOYA;261-RARAM.F;MULTICO;T34, T36, T38, T40, T42;1106507;900;3;3.0;5.0;8.0;3;8;https://content.morgandetoi.fr/el-corte-ingles/1106507-900-F.jpg
2094;ECI SAN JOSÉ VALDERAS;801;ECI PRECIADOS;261-DFESTON;NOIR M;TM, TS, TXS;1105676;979;5;5.0;3.0;8.0;5;8;https://content.morgandetoi.fr/el-corte-ingles/1105676-979-F.jpg
806;ECI POZUELO;869;ECI ALCALA DE HENARES;261-DFESTON;NOIR M;TL, TM, TS, TXS;1105676;979;4;4.0;4.0;8.0;4;8;https://content.morgandetoi.fr/el-corte-ingles/1105676-979-F.jpg
2020;ECI SALAMANCA;803;ECI SANCHINARRO;261-DFESTON;NOIR M;TL, TM, TS;1105676;979;5;5.0;3.0;8.0;5;8;https://content.morgandetoi.fr/el-corte-ingles/1105676-979-F.jpg
857;ECI VALLADOLID ZORRILLA;1782;ECI CAMPO DE LAS NACIONES;261-DFESTON;NOIR M;TL, TM, TS, TXS;1105676;979;1;1.0;4.0;5.0;1;5;https://content.morgandetoi.fr/el-corte-ingles/1105676-979-F.jpg
845;ECI XANADU;1782;ECI CAMPO DE LAS NACIONES;261-DFESTON;NOIR M;TS;1105676;979;1;5.0;1.0;6.0;5;6;https://content.morgandetoi.fr/el-corte-ingles/1105676-979-F.jpg
845;ECI XANADU;857;ECI VALLADOLID ZORRILLA;261-RIKOOL;NAVAL ACADEMY;T40;1105794;1200;1;1.0;1.0;2.0;1;2;https://content.morgandetoi.fr/el-corte-ingles/1105794-1200-F.jpg
840;ECI BERCIAL;806;ECI POZUELO;261-DJUICY;BUBBLE M;TL, TM, TS, TXS;1105841;1166;2;2.0;4.0;6.0;2;6;https://content.morgandetoi.fr/el-corte-ingles/1105841-1166-F.jpg
805;ECI SERRANO PRINCESA;806;ECI POZUELO;261-DJUICY;BUBBLE M;TM, TS;1105841;1166;2;6.0;2.0;8.0;6;8;https://content.morgandetoi.fr/el-corte-ingles/1105841-1166-F.jpg
869;ECI ALCALA DE HENARES;801;ECI PRECIADOS;261-DJUICY;BUBBLE M;TL, TM, TS, TXS;1105841;1166;2;2.0;4.0;6.0;2;6;https://content.morgandetoi.fr/el-corte-ingles/1105841-1166-F.jpg
2094;ECI SAN JOSÉ VALDERAS;801;ECI PRECIADOS;261-DJUICY;BUBBLE M;TS;1105841;1166;2;6.0;1.0;7.0;6;7;https://content.morgandetoi.fr/el-corte-ingles/1105841-1166-F.jpg
832;ECI MADRID GOYA;803;ECI SANCHINARRO;261-DJUICY;BUBBLE M;TL, TM, TS;1105841;1166;2;2.0;3.0;5.0;2;5;https://content.morgandetoi.fr/el-corte-ingles/1105841-1166-F.jpg
2020;ECI SALAMANCA;803;ECI SANCHINARRO;261-DJUICY;BUBBLE M;TL, TM, TS;1105841;1166;2;5.0;3.0;8.0;5;8;https://content.morgandetoi.fr/el-corte-ingles/1105841-1166-F.jpg
832;ECI MADRID GOYA;805;ECI SERRANO PRINCESA;261-DAHO;CAPERS;TL, TM, TS, TXS;1107197;1145;0;0.0;5.0;5.0;0;5;https://content.morgandetoi.fr/el-corte-ingles/1107197-1145-F.jpg
857;ECI VALLADOLID ZORRILLA;805;ECI SERRANO PRINCESA;261-DAHO;CAPERS;TM, TS, TXS;1107197;1145;0;5.0;3.0;8.0;5;8;https://content.morgandetoi.fr/el-corte-ingles/1107197-1145-F.jpg
803;ECI SANCHINARRO;1782;ECI CAMPO DE LAS NACIONES;261-DAHO;CAPERS;TL, TM, TS, TXS;1107197;1145;1;1.0;4.0;5.0;1;5;https://content.morgandetoi.fr/el-corte-ingles/1107197-1145-F.jpg
840;ECI BERCIAL;801;ECI PRECIADOS;261-DAHO;CAPERS;TL, TM, TS, TXS;1107197;1145;2;2.0;4.0;6.0;2;6;https://content.morgandetoi.fr/el-corte-ingles/1107197-1145-F.jpg
2020;ECI SALAMANCA;869;ECI ALCALA DE HENARES;261-DAHO;CAPERS;TL, TM, TS, TXS;1107197;1145;2;2.0;4.0;6.0;2;6;https://content.morgandetoi.fr/el-corte-ingles/1107197-1145-F.jpg
2020;ECI SALAMANCA;801;ECI PRECIADOS;261-RAYEE;PALE BANANA;T34, T36, T38, T40, T42;1105806;1144;1;1.0;5.0;6.0;1;6;https://content.morgandetoi.fr/el-corte-ingles/1105806-1144-F.jpg
806;ECI POZUELO;805;ECI SERRANO PRINCESA;252-RMARMAI;HAVANE M;TL, TM, TXS;1102606;1105;1;1.0;5.0;6.0;1;6;#
2020;ECI SALAMANCA;803;ECI SANCHINARRO;252-RMARMAI;HAVANE M;TL, TM, TS, TXS;1102606;1105;1;1.0;4.0;5.0;1;5;#
869;ECI ALCALA DE HENARES;803;ECI SANCHINARRO;261-DIANA;BUTTER M;TL, TS, TXS;1104721;1191;2;2.0;3.0;5.0;2;5;https://content.morgandetoi.fr/el-corte-ingles/1104721-1191-F.jpg
857;ECI VALLADOLID ZORRILLA;803;ECI SANCHINARRO;261-DIANA;BUTTER M;TS, TXS;1104721;1191;2;5.0;3.0;8.0;5;8;https://content.morgandetoi.fr/el-corte-ingles/1104721-1191-F.jpg
805;ECI SERRANO PRINCESA;832;ECI MADRID GOYA;261-DIANA;BUTTER M;TM, TS;1104721;1191;5;5.0;2.0;7.0;5;7;https://content.morgandetoi.fr/el-corte-ingles/1104721-1191-F.jpg
1782;ECI CAMPO DE LAS NACIONES;832;ECI MADRID GOYA;261-DIANA;BUTTER M;TL;1104721;1191;5;7.0;1.0;8.0;7;8;https://content.morgandetoi.fr/el-corte-ingles/1104721-1191-F.jpg
2020;ECI SALAMANCA;840;ECI BERCIAL;261-DIANA;BUTTER M;TM, TXS;1104721;1191;1;1.0;2.0;3.0;1;3;https://content.morgandetoi.fr/el-corte-ingles/1104721-1191-F.jpg
2094;ECI SAN JOSÉ VALDERAS;840;ECI BERCIAL;261-DIANA;BUTTER M;TXS;1104721;1191;1;3.0;1.0;4.0;3;4;https://content.morgandetoi.fr/el-corte-ingles/1104721-1191-F.jpg
845;ECI XANADU;840;ECI BERCIAL;261-DIANA;BUTTER M;TS;1104721;1191;1;4.0;1.0;5.0;4;5;https://content.morgandetoi.fr/el-corte-ingles/1104721-1191-F.jpg
801;ECI PRECIADOS;803;ECI SANCHINARRO;261-DARIA;NOIR M;TL, TM, TS, TXS;1106896;979;1;1.0;4.0;5.0;1;5;#
840;ECI BERCIAL;803;ECI SANCHINARRO;261-DARIA;NOIR M;TM, TS, TXS;1106896;979;1;5.0;3.0;8.0;5;8;#
2020;ECI SALAMANCA;845;ECI XANADU;261-DARIA;NOIR M;TM, TXS;1106896;979;1;1.0;2.0;3.0;1;3;#
806;ECI POZUELO;845;ECI XANADU;261-DARIA;NOIR M;TL;1106896;979;1;3.0;1.0;4.0;3;4;#
857;ECI VALLADOLID ZORRILLA;2094;ECI SAN JOSÉ VALDERAS;261-CAYEL;PALE BANANA;T34, T36, T38, T40, T42;1105789;1144;1;1.0;5.0;6.0;1;6;https://content.morgandetoi.fr/el-corte-ingles/1105789-1144-F.jpg
832;ECI MADRID GOYA;2094;ECI SAN JOSÉ VALDERAS;261-CAYEL;PALE BANANA;T36, T42;1105789;1144;1;6.0;2.0;8.0;6;8;https://content.morgandetoi.fr/el-corte-ingles/1105789-1144-F.jpg
2020;ECI SALAMANCA;806;ECI POZUELO;261-CAYEL;PALE BANANA;T34, T36, T38, T40, T42;1105789;1144;3;3.0;5.0;8.0;3;8;https://content.morgandetoi.fr/el-corte-ingles/1105789-1144-F.jpg
845;ECI XANADU;801;ECI PRECIADOS;261-CAYEL;PALE BANANA;T34, T36, T38, T40;1105789;1144;1;1.0;4.0;5.0;1;5;https://content.morgandetoi.fr/el-corte-ingles/1105789-1144-F.jpg
832;ECI MADRID GOYA;845;ECI XANADU;261-PAVO.F;NOIR M;T36, T38, T42;1105688;979;3;3.0;4.0;7.0;3;7;https://content.morgandetoi.fr/el-corte-ingles/1105688-979-F.jpg
805;ECI SERRANO PRINCESA;845;ECI XANADU;261-PAVO.F;NOIR M;T38;1105688;979;3;7.0;1.0;8.0;7;8;https://content.morgandetoi.fr/el-corte-ingles/1105688-979-F.jpg
803;ECI SANCHINARRO;840;ECI BERCIAL;261-PAVO.F;NOIR M;T36, T38, T40, T42;1105688;979;0;0.0;4.0;4.0;0;4;https://content.morgandetoi.fr/el-corte-ingles/1105688-979-F.jpg
869;ECI ALCALA DE HENARES;840;ECI BERCIAL;261-PAVO.F;NOIR M;T38, T40, T42;1105688;979;0;4.0;4.0;8.0;4;8;https://content.morgandetoi.fr/el-corte-ingles/1105688-979-F.jpg
806;ECI POZUELO;2020;ECI SALAMANCA;261-PAVO.F;NOIR M;T42;1105688;979;1;1.0;1.0;2.0;1;2;https://content.morgandetoi.fr/el-corte-ingles/1105688-979-F.jpg
832;ECI MADRID GOYA;869;ECI ALCALA DE HENARES;241-ROSLI;PALE BANANA;T38;99078;1144;1;1.0;1.0;2.0;1;2;#
2094;ECI SAN JOSÉ VALDERAS;801;ECI PRECIADOS;261-RVENICE;MAGMA M;T34, T36, T42;1105827;1023;3;3.0;5.0;8.0;3;8;https://content.morgandetoi.fr/el-corte-ingles/1105827-1023-F.jpg
805;ECI SERRANO PRINCESA;869;ECI ALCALA DE HENARES;261-RVENICE;MAGMA M;T36, T38;1105827;1023;3;3.0;2.0;5.0;3;5;https://content.morgandetoi.fr/el-corte-ingles/1105827-1023-F.jpg
803;ECI SANCHINARRO;806;ECI POZUELO;261-DAINA;OFF WHITE/CARAIBE M;TL, TM, TS, TXS;1107216;1084;2;2.0;5.0;7.0;2;7;https://content.morgandetoi.fr/el-corte-ingles/1107216-1084-F.jpg
832;ECI MADRID GOYA;801;ECI PRECIADOS;261-DAINA;OFF WHITE/CARAIBE M;TL, TM, TS, TXS;1107216;1084;4;4.0;4.0;8.0;4;8;https://content.morgandetoi.fr/el-corte-ingles/1107216-1084-F.jpg
840;ECI BERCIAL;869;ECI ALCALA DE HENARES;261-DAINA;OFF WHITE/CARAIBE M;TL, TM, TS, TXS;1107216;1084;2;2.0;4.0;6.0;2;6;https://content.morgandetoi.fr/el-corte-ingles/1107216-1084-F.jpg
832;ECI MADRID GOYA;840;ECI BERCIAL;261-OPON;OFF WHITE M;T34, T36, T38;1105786;931;2;2.0;3.0;5.0;2;5;https://content.morgandetoi.fr/el-corte-ingles/1105786-931-F.jpg
1782;ECI CAMPO DE LAS NACIONES;840;ECI BERCIAL;261-OPON;OFF WHITE M;T36;1105786;931;2;5.0;1.0;6.0;5;6;https://content.morgandetoi.fr/el-corte-ingles/1105786-931-F.jpg
2020;ECI SALAMANCA;840;ECI BERCIAL;261-OPON;OFF WHITE M;T40;1105786;931;2;6.0;1.0;7.0;6;7;https://content.morgandetoi.fr/el-corte-ingles/1105786-931-F.jpg
2094;ECI SAN JOSÉ VALDERAS;832;ECI MADRID GOYA;261-RABLAI;JEAN STONE;T34, T36, T40, T42;1105819;308;2;2.0;5.0;7.0;2;7;https://content.morgandetoi.fr/el-corte-ingles/1105819-308-F.jpg
869;ECI ALCALA DE HENARES;806;ECI POZUELO;261-RABLAI;JEAN STONE;T34, T36, T38, T40;1105819;308;2;2.0;4.0;6.0;2;6;https://content.morgandetoi.fr/el-corte-ingles/1105819-308-F.jpg
845;ECI XANADU;840;ECI BERCIAL;261-RABLAI;JEAN STONE;T34, T36, T40;1105819;308;1;1.0;3.0;4.0;1;4;https://content.morgandetoi.fr/el-corte-ingles/1105819-308-F.jpg
840;ECI BERCIAL;803;ECI SANCHINARRO;261-DSUNNY;OFF WHITE M;TL, TM, TXS;1105767;931;4;4.0;3.0;7.0;4;7;https://content.morgandetoi.fr/el-corte-ingles/1105767-931-F.jpg
2094;ECI SAN JOSÉ VALDERAS;803;ECI SANCHINARRO;261-DSUNNY;OFF WHITE M;TL;1105767;931;4;7.0;1.0;8.0;7;8;https://content.morgandetoi.fr/el-corte-ingles/1105767-931-F.jpg
805;ECI SERRANO PRINCESA;801;ECI PRECIADOS;261-DSUNNY;OFF WHITE M;TL, TXS;1105767;931;0;0.0;2.0;2.0;0;2;https://content.morgandetoi.fr/el-corte-ingles/1105767-931-F.jpg
1782;ECI CAMPO DE LAS NACIONES;801;ECI PRECIADOS;261-DSUNNY;OFF WHITE M;TM, TXS;1105767;931;0;2.0;2.0;4.0;2;4;https://content.morgandetoi.fr/el-corte-ingles/1105767-931-F.jpg
845;ECI XANADU;801;ECI PRECIADOS;261-DSUNNY;OFF WHITE M;TS, TXS;1105767;931;0;4.0;2.0;6.0;4;6;https://content.morgandetoi.fr/el-corte-ingles/1105767-931-F.jpg
857;ECI VALLADOLID ZORRILLA;801;ECI PRECIADOS;261-DSUNNY;OFF WHITE M;TL, TM;1105767;931;0;6.0;2.0;8.0;6;8;https://content.morgandetoi.fr/el-corte-ingles/1105767-931-F.jpg
1782;ECI CAMPO DE LAS NACIONES;803;ECI SANCHINARRO;261-OSAJE;NOIR M;T42;1105793;979;5;5.0;1.0;6.0;3;3;https://content.morgandetoi.fr/el-corte-ingles/1105793-979-F.jpg
805;ECI SERRANO PRINCESA;803;ECI SANCHINARRO;261-OSAJE;NOIR M;T42;1105793;979;5;6.0;1.0;7.0;3;4;https://content.morgandetoi.fr/el-corte-ingles/1105793-979-F.jpg
832;ECI MADRID GOYA;803;ECI SANCHINARRO;261-DIANA;MARINE M;TL, TM, TS, TXS;1104721;987;1;1.0;8.0;9.0;1;4;https://content.morgandetoi.fr/el-corte-ingles/1104721-987-F.jpg
857;ECI VALLADOLID ZORRILLA;803;ECI SANCHINARRO;261-DIANA;MARINE M;TL, TS, TXS;1104721;987;1;9.0;3.0;12.0;4;6;https://content.morgandetoi.fr/el-corte-ingles/1104721-987-F.jpg
801;ECI PRECIADOS;803;ECI SANCHINARRO;261-DIANA;MARINE M;TS, TXS;1104721;987;1;12.0;2.0;14.0;6;7;https://content.morgandetoi.fr/el-corte-ingles/1104721-987-F.jpg
2094;ECI SAN JOSÉ VALDERAS;803;ECI SANCHINARRO;261-DIANA;MARINE M;TM, TXS;1104721;987;1;14.0;2.0;16.0;7;8;https://content.morgandetoi.fr/el-corte-ingles/1104721-987-F.jpg
845;ECI XANADU;805;ECI SERRANO PRINCESA;261-DIANA;MARINE M;TL, TXS;1104721;987;1;1.0;2.0;3.0;1;3;https://content.morgandetoi.fr/el-corte-ingles/1104721-987-F.jpg
806;ECI POZUELO;805;ECI SERRANO PRINCESA;261-DIANA;MARINE M;TXS;1104721;987;1;3.0;1.0;4.0;3;4;https://content.morgandetoi.fr/el-corte-ingles/1104721-987-F.jpg
1782;ECI CAMPO DE LAS NACIONES;805;ECI SERRANO PRINCESA;261-DIANA;MARINE M;TS;1104721;987;1;4.0;1.0;5.0;4;5;https://content.morgandetoi.fr/el-corte-ingles/1104721-987-F.jpg
801;ECI PRECIADOS;803;ECI SANCHINARRO;261-JOVEN;BUBBLE M;T34, T36, T42;1105746;1166;2;2.0;4.0;6.0;2;6;https://content.morgandetoi.fr/el-corte-ingles/1105746-1166-F.jpg
869;ECI ALCALA DE HENARES;803;ECI SANCHINARRO;261-JOVEN;BUBBLE M;T34, T40;1105746;1166;2;6.0;2.0;8.0;6;8;https://content.morgandetoi.fr/el-corte-ingles/1105746-1166-F.jpg
2020;ECI SALAMANCA;832;ECI MADRID GOYA;261-JOVEN;BUBBLE M;T42;1105746;1166;0;0.0;1.0;1.0;0;1;https://content.morgandetoi.fr/el-corte-ingles/1105746-1166-F.jpg
869;ECI ALCALA DE HENARES;803;ECI SANCHINARRO;261-ROVITA;MULTICO;T36, T38, T40, T42;1104817;900;2;2.0;5.0;7.0;2;7;https://content.morgandetoi.fr/el-corte-ingles/1104817-900-F.jpg
806;ECI POZUELO;803;ECI SANCHINARRO;261-ROVITA;MULTICO;T36;1104817;900;2;7.0;1.0;8.0;7;8;https://content.morgandetoi.fr/el-corte-ingles/1104817-900-F.jpg
2020;ECI SALAMANCA;840;ECI BERCIAL;261-ROVITA;MULTICO;T36, T40;1104817;900;4;4.0;2.0;6.0;4;6;https://content.morgandetoi.fr/el-corte-ingles/1104817-900-F.jpg
2020;ECI SALAMANCA;845;ECI XANADU;261-RLOUNA;FIG;T34, T36, T38, T40;1104858;1160;1;1.0;5.0;6.0;1;6;https://content.morgandetoi.fr/el-corte-ingles/1104858-1160-F.jpg
840;ECI BERCIAL;845;ECI XANADU;261-RLOUNA;FIG;T38;1104858;1160;1;6.0;2.0;8.0;6;8;https://content.morgandetoi.fr/el-corte-ingles/1104858-1160-F.jpg
805;ECI SERRANO PRINCESA;806;ECI POZUELO;261-RLOUNA;FIG;T38;1104858;1160;1;1.0;1.0;2.0;1;2;https://content.morgandetoi.fr/el-corte-ingles/1104858-1160-F.jpg
801;ECI PRECIADOS;806;ECI POZUELO;261-RLOUNA;FIG;T36;1104858;1160;1;2.0;1.0;3.0;2;3;https://content.morgandetoi.fr/el-corte-ingles/1104858-1160-F.jpg
832;ECI MADRID GOYA;806;ECI POZUELO;261-RLOUNA;FIG;T36;1104858;1160;1;3.0;1.0;4.0;3;4;https://content.morgandetoi.fr/el-corte-ingles/1104858-1160-F.jpg
2094;ECI SAN JOSÉ VALDERAS;806;ECI POZUELO;261-RLOUNA;FIG;T34;1104858;1160;1;4.0;1.0;5.0;4;5;https://content.morgandetoi.fr/el-corte-ingles/1104858-1160-F.jpg
857;ECI VALLADOLID ZORRILLA;806;ECI POZUELO;261-RLOUNA;FIG;T38;1104858;1160;1;5.0;1.0;6.0;5;6;https://content.morgandetoi.fr/el-corte-ingles/1104858-1160-F.jpg
2094;ECI SAN JOSÉ VALDERAS;832;ECI MADRID GOYA;261-RELOW;NOIR M;T34, T36, T38, T40, T42;1105804;979;1;1.0;5.0;6.0;1;6;https://content.morgandetoi.fr/el-corte-ingles/1105804-979-F.jpg
2094;ECI SAN JOSÉ VALDERAS;832;ECI MADRID GOYA;261-RDALA.F;MULTICO;T34, T36, T38, T40, T42;1105825;900;0;0.0;6.0;6.0;0;6;https://content.morgandetoi.fr/el-corte-ingles/1105825-900-F.jpg
2094;ECI SAN JOSÉ VALDERAS;832;ECI MADRID GOYA;241-DAGA;PALE BANANA;TM, TXS;98032;1144;1;1.0;2.0;3.0;1;3;#
869;ECI ALCALA DE HENARES;832;ECI MADRID GOYA;241-DAGA;PALE BANANA;TL, TS;98032;1144;1;3.0;2.0;5.0;3;5;#
840;ECI BERCIAL;803;ECI SANCHINARRO;261-DSET;MULTICO;TL, TM, TS, TXS;1106524;900;6;6.0;4.0;10.0;2;3;https://content.morgandetoi.fr/el-corte-ingles/1106524-900-F.jpg
801;ECI PRECIADOS;806;ECI POZUELO;261-MCARDI;OFF WHITE M;TL, TM, TS, TXS;1105695;931;2;2.0;5.0;7.0;2;7;https://content.morgandetoi.fr/el-corte-ingles/1105695-931-F.jpg
1782;ECI CAMPO DE LAS NACIONES;803;ECI SANCHINARRO;261-MCARDI;OFF WHITE M;TL, TM, TS, TXS;1105695;931;4;4.0;4.0;8.0;4;8;https://content.morgandetoi.fr/el-corte-ingles/1105695-931-F.jpg
2094;ECI SAN JOSÉ VALDERAS;840;ECI BERCIAL;261-MCARDI;OFF WHITE M;TL, TM, TS, TXS;1105695;931;2;2.0;4.0;6.0;2;6;https://content.morgandetoi.fr/el-corte-ingles/1105695-931-F.jpg
857;ECI VALLADOLID ZORRILLA;840;ECI BERCIAL;261-MCARDI;OFF WHITE M;TM, TS;1105695;931;2;6.0;2.0;8.0;6;8;https://content.morgandetoi.fr/el-corte-ingles/1105695-931-F.jpg
805;ECI SERRANO PRINCESA;845;ECI XANADU;261-MCARDI;OFF WHITE M;TL, TM, TS;1105695;931;2;2.0;3.0;5.0;2;5;https://content.morgandetoi.fr/el-corte-ingles/1105695-931-F.jpg
869;ECI ALCALA DE HENARES;845;ECI XANADU;261-MCARDI;OFF WHITE M;TM, TS, TXS;1105695;931;2;5.0;3.0;8.0;5;8;https://content.morgandetoi.fr/el-corte-ingles/1105695-931-F.jpg
840;ECI BERCIAL;806;ECI POZUELO;251-DMATY;OFF WHITE M;TM, TS, TXS;1102161;931;2;2.0;3.0;5.0;2;5;#
803;ECI SANCHINARRO;806;ECI POZUELO;251-DMATY;OFF WHITE M;TM, TS;1102161;931;2;5.0;2.0;7.0;5;7;#
801;ECI PRECIADOS;806;ECI POZUELO;251-DMATY;OFF WHITE M;TXS;1102161;931;2;7.0;1.0;8.0;7;8;#
857;ECI VALLADOLID ZORRILLA;845;ECI XANADU;251-DMATY;OFF WHITE M;TXS;1102161;931;1;1.0;1.0;2.0;1;2;#
869;ECI ALCALA DE HENARES;832;ECI MADRID GOYA;251-DALBA;BUBBLE M;TL, TM, TXS;1102198;1166;2;2.0;6.0;8.0;2;8;#
805;ECI SERRANO PRINCESA;803;ECI SANCHINARRO;251-DALBA;BUBBLE M;TL, TM, TS;1102198;1166;4;4.0;4.0;8.0;4;8;#
2094;ECI SAN JOSÉ VALDERAS;840;ECI BERCIAL;251-DALBA;BUBBLE M;TM;1102198;1166;5;5.0;1.0;6.0;5;6;#
2020;ECI SALAMANCA;840;ECI BERCIAL;251-DALBA;BUBBLE M;TM;1102198;1166;5;6.0;1.0;7.0;6;7;#
845;ECI XANADU;806;ECI POZUELO;251-DALBA;BUBBLE M;TM, TS, TXS;1102198;1166;2;2.0;4.0;6.0;2;6;#
801;ECI PRECIADOS;2094;ECI SAN JOSÉ VALDERAS;261-DIVA;MARINE/OFF WHITE;TL, TM, TS, TXS;1104722;926;0;0.0;5.0;5.0;0;5;https://content.morgandetoi.fr/el-corte-ingles/1104722-926-F.jpg
869;ECI ALCALA DE HENARES;2094;ECI SAN JOSÉ VALDERAS;261-DIVA;MARINE/OFF WHITE;TM, TS;1104722;926;0;5.0;2.0;7.0;5;7;https://content.morgandetoi.fr/el-corte-ingles/1104722-926-F.jpg
805;ECI SERRANO PRINCESA;840;ECI BERCIAL;261-DIVA;MARINE/OFF WHITE;TL, TM, TS, TXS;1104722;926;1;1.0;4.0;5.0;1;5;https://content.morgandetoi.fr/el-corte-ingles/1104722-926-F.jpg
2020;ECI SALAMANCA;840;ECI BERCIAL;261-DIVA;MARINE/OFF WHITE;TL, TXS;1104722;926;1;5.0;2.0;7.0;5;7;https://content.morgandetoi.fr/el-corte-ingles/1104722-926-F.jpg
803;ECI SANCHINARRO;857;ECI VALLADOLID ZORRILLA;261-DIVA;MARINE/OFF WHITE;TL, TM;1104722;926;4;4.0;4.0;8.0;4;8;https://content.morgandetoi.fr/el-corte-ingles/1104722-926-F.jpg
801;ECI PRECIADOS;806;ECI POZUELO;261-RFLAM;WARM TAUPE;T38;1104823;1155;7;7.0;1.0;8.0;7;8;https://content.morgandetoi.fr/el-corte-ingles/1104823-1155-F.jpg
869;ECI ALCALA DE HENARES;803;ECI SANCHINARRO;261-RFLAM;WARM TAUPE;T34, T36, T40;1104823;1155;2;2.0;4.0;6.0;2;6;https://content.morgandetoi.fr/el-corte-ingles/1104823-1155-F.jpg
832;ECI MADRID GOYA;803;ECI SANCHINARRO;261-RFLAM;WARM TAUPE;T36, T40;1104823;1155;2;6.0;2.0;8.0;6;8;https://content.morgandetoi.fr/el-corte-ingles/1104823-1155-F.jpg
857;ECI VALLADOLID ZORRILLA;840;ECI BERCIAL;261-RFLAM;WARM TAUPE;T34, T36, T38, T40;1104823;1155;2;2.0;4.0;6.0;2;6;https://content.morgandetoi.fr/el-corte-ingles/1104823-1155-F.jpg
805;ECI SERRANO PRINCESA;840;ECI BERCIAL;261-RFLAM;WARM TAUPE;T40, T42;1104823;1155;2;6.0;2.0;8.0;6;8;https://content.morgandetoi.fr/el-corte-ingles/1104823-1155-F.jpg
1782;ECI CAMPO DE LAS NACIONES;2094;ECI SAN JOSÉ VALDERAS;261-RFLAM;WARM TAUPE;T34, T36, T42;1104823;1155;3;3.0;3.0;6.0;3;6;https://content.morgandetoi.fr/el-corte-ingles/1104823-1155-F.jpg
2020;ECI SALAMANCA;2094;ECI SAN JOSÉ VALDERAS;261-RFLAM;WARM TAUPE;T42;1104823;1155;3;6.0;1.0;7.0;6;7;https://content.morgandetoi.fr/el-corte-ingles/1104823-1155-F.jpg
801;ECI PRECIADOS;803;ECI SANCHINARRO;261-POMA.F;OFF WHITE M;T34, T36, T38, T40, T42;1105748;931;2;2.0;6.0;8.0;2;8;https://content.morgandetoi.fr/el-corte-ingles/1105748-931-F.jpg
857;ECI VALLADOLID ZORRILLA;803;ECI SANCHINARRO;261-RSOAN;MULTICO;T38, T40;1105805;900;7;7.0;3.0;10.0;4;5;https://content.morgandetoi.fr/el-corte-ingles/1105805-900-F.jpg
2020;ECI SALAMANCA;803;ECI SANCHINARRO;261-RSOAN;MULTICO;T34, T36, T42;1105805;900;7;10.0;3.0;13.0;5;6;https://content.morgandetoi.fr/el-corte-ingles/1105805-900-F.jpg
1782;ECI CAMPO DE LAS NACIONES;803;ECI SANCHINARRO;261-RSOAN;MULTICO;T38, T42;1105805;900;7;13.0;2.0;15.0;6;8;https://content.morgandetoi.fr/el-corte-ingles/1105805-900-F.jpg
840;ECI BERCIAL;2094;ECI SAN JOSÉ VALDERAS;251-DOMANI;IVOIRE;TL, TXS;101368;203;1;1.0;3.0;4.0;1;4;#
832;ECI MADRID GOYA;2094;ECI SAN JOSÉ VALDERAS;251-DOMANI;IVOIRE;TL, TS, TXS;101368;203;1;4.0;3.0;7.0;4;7;#
806;ECI POZUELO;2094;ECI SAN JOSÉ VALDERAS;251-DOMANI;IVOIRE;TXS;101368;203;1;7.0;1.0;8.0;7;8;#
805;ECI SERRANO PRINCESA;857;ECI VALLADOLID ZORRILLA;251-DOMANI;IVOIRE;TL, TS, TXS;101368;203;1;1.0;3.0;4.0;1;4;#
803;ECI SANCHINARRO;857;ECI VALLADOLID ZORRILLA;251-DOMANI;IVOIRE;TM, TS;101368;203;1;4.0;3.0;7.0;4;7;#
801;ECI PRECIADOS;1782;ECI CAMPO DE LAS NACIONES;251-DOMANI;IVOIRE;TS;101368;203;2;2.0;2.0;4.0;2;4;#
869;ECI ALCALA DE HENARES;1782;ECI CAMPO DE LAS NACIONES;251-DOMANI;IVOIRE;TM, TS;101368;203;2;4.0;2.0;6.0;4;6;#
845;ECI XANADU;1782;ECI CAMPO DE LAS NACIONES;251-DOMANI;IVOIRE;TM, TXS;101368;203;2;6.0;2.0;8.0;6;8;#
805;ECI SERRANO PRINCESA;869;ECI ALCALA DE HENARES;251-VCHARME;JEAN DOUBLE STONE;T34, T40, T42;101332;307;5;5.0;3.0;8.0;5;8;#
801;ECI PRECIADOS;806;ECI POZUELO;251-VCHARME;JEAN DOUBLE STONE;T36, T40, T42;101332;307;1;1.0;4.0;5.0;1;5;#
840;ECI BERCIAL;806;ECI POZUELO;251-VCHARME;JEAN DOUBLE STONE;T34, T36, T42;101332;307;1;5.0;3.0;8.0;5;8;#
832;ECI MADRID GOYA;2094;ECI SAN JOSÉ VALDERAS;251-VCHARME;JEAN DOUBLE STONE;T36, T38, T40;101332;307;2;2.0;4.0;6.0;2;6;#
845;ECI XANADU;2094;ECI SAN JOSÉ VALDERAS;251-VCHARME;JEAN DOUBLE STONE;T36, T40;101332;307;2;6.0;2.0;8.0;6;8;#
857;ECI VALLADOLID ZORRILLA;1782;ECI CAMPO DE LAS NACIONES;251-VCHARME;JEAN DOUBLE STONE;T38, T42;101332;307;4;4.0;3.0;7.0;4;7;#
857;ECI VALLADOLID ZORRILLA;806;ECI POZUELO;261-RMARIUS;BUTTER M;TL, TM, TS, TXS;1104872;1191;1;1.0;7.0;8.0;1;8;https://content.morgandetoi.fr/el-corte-ingles/1104872-1191-F.jpg
803;ECI SANCHINARRO;2094;ECI SAN JOSÉ VALDERAS;251-DMATY;BUBBLE M;TL;1102161;1166;3;3.0;2.0;5.0;3;5;#
806;ECI POZUELO;2094;ECI SAN JOSÉ VALDERAS;251-DMATY;BUBBLE M;TM;1102161;1166;3;5.0;1.0;6.0;5;6;#
1782;ECI CAMPO DE LAS NACIONES;2094;ECI SAN JOSÉ VALDERAS;251-DMATY;BUBBLE M;TXS;1102161;1166;3;6.0;1.0;7.0;6;7;#
857;ECI VALLADOLID ZORRILLA;2094;ECI SAN JOSÉ VALDERAS;251-DMATY;BUBBLE M;TS;1102161;1166;3;7.0;1.0;8.0;7;8;#
832;ECI MADRID GOYA;803;ECI SANCHINARRO;261-DICLA;OFF WHITE M;TM, TXS;1104783;931;6;6.0;2.0;8.0;6;8;https://content.morgandetoi.fr/el-corte-ingles/1104783-931-F.jpg
801;ECI PRECIADOS;857;ECI VALLADOLID ZORRILLA;261-DICLA;OFF WHITE M;TL, TM, TXL;1104783;931;0;0.0;7.0;7.0;0;7;https://content.morgandetoi.fr/el-corte-ingles/1104783-931-F.jpg
806;ECI POZUELO;857;ECI VALLADOLID ZORRILLA;261-DICLA;OFF WHITE M;TXS;1104783;931;0;7.0;1.0;8.0;7;8;https://content.morgandetoi.fr/el-corte-ingles/1104783-931-F.jpg
840;ECI BERCIAL;869;ECI ALCALA DE HENARES;261-DICLA;OFF WHITE M;TL, TS;1104783;931;1;1.0;2.0;3.0;1;3;https://content.morgandetoi.fr/el-corte-ingles/1104783-931-F.jpg
2094;ECI SAN JOSÉ VALDERAS;869;ECI ALCALA DE HENARES;261-DICLA;OFF WHITE M;TS, TXS;1104783;931;1;3.0;2.0;5.0;3;5;https://content.morgandetoi.fr/el-corte-ingles/1104783-931-F.jpg
2020;ECI SALAMANCA;869;ECI ALCALA DE HENARES;261-DICLA;OFF WHITE M;TS, TXS;1104783;931;1;5.0;2.0;7.0;5;7;https://content.morgandetoi.fr/el-corte-ingles/1104783-931-F.jpg
1782;ECI CAMPO DE LAS NACIONES;869;ECI ALCALA DE HENARES;261-DICLA;OFF WHITE M;TL;1104783;931;1;7.0;1.0;8.0;7;8;https://content.morgandetoi.fr/el-corte-ingles/1104783-931-F.jpg
832;ECI MADRID GOYA;840;ECI BERCIAL;261-DOOTHY;NOIR M;TL, TM, TS, TXS;1107198;979;1;1.0;7.0;8.0;1;8;https://content.morgandetoi.fr/el-corte-ingles/1107198-979-F.jpg
2020;ECI SALAMANCA;801;ECI PRECIADOS;261-DOOTHY;NOIR M;TS, TXS;1107198;979;2;2.0;2.0;4.0;2;4;https://content.morgandetoi.fr/el-corte-ingles/1107198-979-F.jpg
845;ECI XANADU;801;ECI PRECIADOS;261-DOOTHY;NOIR M;TS;1107198;979;2;4.0;1.0;5.0;4;5;https://content.morgandetoi.fr/el-corte-ingles/1107198-979-F.jpg
803;ECI SANCHINARRO;2094;ECI SAN JOSÉ VALDERAS;261-RDADOU;FIG;T36, T40;1104860;1160;0;0.0;3.0;3.0;0;3;https://content.morgandetoi.fr/el-corte-ingles/1104860-1160-F.jpg
869;ECI ALCALA DE HENARES;2094;ECI SAN JOSÉ VALDERAS;261-RDADOU;FIG;T34, T36, T40;1104860;1160;0;3.0;3.0;6.0;3;6;https://content.morgandetoi.fr/el-corte-ingles/1104860-1160-F.jpg
845;ECI XANADU;2094;ECI SAN JOSÉ VALDERAS;261-RDADOU;FIG;T40, T42;1104860;1160;0;6.0;2.0;8.0;6;8;https://content.morgandetoi.fr/el-corte-ingles/1104860-1160-F.jpg
857;ECI VALLADOLID ZORRILLA;1782;ECI CAMPO DE LAS NACIONES;261-RDADOU;FIG;T38, T42;1104860;1160;2;2.0;3.0;5.0;2;5;https://content.morgandetoi.fr/el-corte-ingles/1104860-1160-F.jpg
2020;ECI SALAMANCA;1782;ECI CAMPO DE LAS NACIONES;261-RDADOU;FIG;T34, T40, T42;1104860;1160;2;5.0;3.0;8.0;5;8;https://content.morgandetoi.fr/el-corte-ingles/1104860-1160-F.jpg
801;ECI PRECIADOS;805;ECI SERRANO PRINCESA;261-RDADOU;FIG;T36, T40;1104860;1160;1;1.0;2.0;3.0;1;3;https://content.morgandetoi.fr/el-corte-ingles/1104860-1160-F.jpg
832;ECI MADRID GOYA;805;ECI SERRANO PRINCESA;261-RDADOU;FIG;T34, T40;1104860;1160;1;3.0;2.0;5.0;3;5;https://content.morgandetoi.fr/el-corte-ingles/1104860-1160-F.jpg
806;ECI POZUELO;805;ECI SERRANO PRINCESA;261-RDADOU;FIG;T40, T42;1104860;1160;1;5.0;2.0;7.0;5;7;https://content.morgandetoi.fr/el-corte-ingles/1104860-1160-F.jpg
1782;ECI CAMPO DE LAS NACIONES;805;ECI SERRANO PRINCESA;251-DELI;MAGMA M;TL, TM, TS, TXL, TXS;101387;1023;2;2.0;5.0;7.0;2;7;#
803;ECI SANCHINARRO;2094;ECI SAN JOSÉ VALDERAS;251-DELI;MAGMA M;TL, TM, TS;101387;1023;1;1.0;4.0;5.0;1;5;#
801;ECI PRECIADOS;2094;ECI SAN JOSÉ VALDERAS;251-DELI;MAGMA M;TL, TXL;101387;1023;1;5.0;3.0;8.0;5;8;#
806;ECI POZUELO;845;ECI XANADU;251-DELI;MAGMA M;TL, TM, TS;101387;1023;1;1.0;3.0;4.0;1;4;#
840;ECI BERCIAL;845;ECI XANADU;251-DELI;MAGMA M;TM, TS;101387;1023;1;4.0;2.0;6.0;4;6;#
832;ECI MADRID GOYA;845;ECI XANADU;251-DELI;MAGMA M;TM, TS;101387;1023;1;6.0;2.0;8.0;6;8;#
857;ECI VALLADOLID ZORRILLA;2020;ECI SALAMANCA;251-DELI;MAGMA M;TL, TM;101387;1023;1;1.0;2.0;3.0;1;3;#
869;ECI ALCALA DE HENARES;2020;ECI SALAMANCA;251-DELI;MAGMA M;TL, TXS;101387;1023;1;3.0;2.0;5.0;3;5;#
801;ECI PRECIADOS;869;ECI ALCALA DE HENARES;261-DIANA;PIVOINE M;TL, TS, TXL;1104721;1126;1;1.0;4.0;5.0;1;5;https://content.morgandetoi.fr/el-corte-ingles/1104721-1126-F.jpg
803;ECI SANCHINARRO;869;ECI ALCALA DE HENARES;261-DIANA;PIVOINE M;TL, TM;1104721;1126;1;5.0;3.0;8.0;5;8;https://content.morgandetoi.fr/el-corte-ingles/1104721-1126-F.jpg
2020;ECI SALAMANCA;832;ECI MADRID GOYA;261-DIANA;PIVOINE M;TL, TM, TS;1104721;1126;2;2.0;3.0;5.0;2;5;https://content.morgandetoi.fr/el-corte-ingles/1104721-1126-F.jpg
805;ECI SERRANO PRINCESA;832;ECI MADRID GOYA;261-DIANA;PIVOINE M;TM, TS;1104721;1126;2;5.0;2.0;7.0;5;7;https://content.morgandetoi.fr/el-corte-ingles/1104721-1126-F.jpg
1782;ECI CAMPO DE LAS NACIONES;2094;ECI SAN JOSÉ VALDERAS;261-DIANA;PIVOINE M;TL, TS;1104721;1126;1;1.0;2.0;3.0;1;3;https://content.morgandetoi.fr/el-corte-ingles/1104721-1126-F.jpg
1782;ECI CAMPO DE LAS NACIONES;803;ECI SANCHINARRO;262-REVIDA;CHOCO M;T34, T36, T38, T40, T42;1106310;1208;6;6.0;5.0;11.0;3;6;#
2094;ECI SAN JOSÉ VALDERAS;803;ECI SANCHINARRO;262-REVIDA;CHOCO M;T34, T36, T38, T40, T42;1106310;1208;6;11.0;5.0;16.0;6;8;#
857;ECI VALLADOLID ZORRILLA;806;ECI POZUELO;262-REVIDA;CHOCO M;T34, T36, T38, T40, T42;1106310;1208;3;3.0;5.0;8.0;3;8;#
2094;ECI SAN JOSÉ VALDERAS;840;ECI BERCIAL;262-POCOTE;CHOCO M;T34, T36, T38, T40, T42;1106267;1208;3;3.0;5.0;8.0;3;8;#
857;ECI VALLADOLID ZORRILLA;832;ECI MADRID GOYA;262-POCOTE;CHOCO M;T34, T36, T38, T40, T42;1106267;1208;3;3.0;5.0;8.0;3;8;#
2020;ECI SALAMANCA;845;ECI XANADU;262-POCOTE;CHOCO M;T34, T36, T38, T40, T42;1106267;1208;3;3.0;5.0;8.0;3;8;#
2094;ECI SAN JOSÉ VALDERAS;845;ECI XANADU;262-JITTA;CHOCO M;T34, T36, T38, T40, T42;1106268;1208;3;3.0;5.0;8.0;3;8;#
1782;ECI CAMPO DE LAS NACIONES;869;ECI ALCALA DE HENARES;262-DMARTEL;CORDE M;TL, TM, TS, TXS;1106188;1215;4;4.0;4.0;8.0;4;8;#
805;ECI SERRANO PRINCESA;832;ECI MADRID GOYA;262-DMARTEL;CORDE M;TL, TM, TS, TXS;1106188;1215;3;3.0;4.0;7.0;3;7;#
801;ECI PRECIADOS;806;ECI POZUELO;262-DMARTEL;CORDE M;TL, TM, TS, TXS;1106188;1215;4;4.0;4.0;8.0;4;8;#
2094;ECI SAN JOSÉ VALDERAS;845;ECI XANADU;262-DMARTEL;CORDE M;TL, TM, TS, TXS;1106188;1215;3;3.0;4.0;7.0;3;7;#
801;ECI PRECIADOS;832;ECI MADRID GOYA;262-PRIL.F;MULTICO;T34, T36, T38, T40, T42;1106177;900;3;3.0;5.0;8.0;3;8;#
832;ECI MADRID GOYA;806;ECI POZUELO;252-VSTRIPE;MULTICO;T34, T36, T38, T40, T42;1104482;900;3;3.0;9.0;12.0;2;6;#
832;ECI MADRID GOYA;803;ECI SANCHINARRO;262-RMSEA;IVOIRE M;TL, TM, TS, TXS;1106289;978;4;4.0;4.0;8.0;4;8;#
806;ECI POZUELO;801;ECI PRECIADOS;262-RMSEA;IVOIRE M;TL, TM, TS, TXS;1106289;978;4;4.0;4.0;8.0;4;8;#
